id,text,a0,a1,a2,a3,a4
10328,candy crush'ta benimle bir turnuva yap,,,,,
1716,pourriez vous parler un peu plus doucement,,,,,
11836,finns det några köpcenter i närheten,,,,,
15770,het die universiteit van stellenbosch my al 'n e-pos gestuur,,,,,
6318,glaubst du es wird heute schön draußen,,,,,
10670,verwyder die lys van persoon begin vanaf letter medium in my kontak lys,,,,,
8070,lembra me para me encontrar com a joana no porto ao meio dia,,,,,
9843,please resume current song of masti,,,,,
118,dime quién es el artista de esta canción,,,,,
4792,das datum heute bitte,,,,,
11002,kolla in min att göra lista,,,,,
6374,vad är ett bra rap album som kom ut det här året,,,,,
16164,había algún correo electrónico en relación a la reserva equivocada en sia,,,,,
14197,was ist der derzeitige wechselkurs zwischen dollar und euro,,,,,
2332,regent het nu,,,,,
13170,asyanın kilometre başına nüfusu kaçtır,,,,,
10101,cómo se cocina un filete,,,,,
12845,mag-book ng taksi sa gabi para sa akin,,,,,
3257,olly enige vars nuus oor steve hofmeyer,,,,,
11584,wann ist das nächste blues konzert in berlin,,,,,
10328,main turnamen candy crush denganku,,,,,
9133,plane ein treffen für dienstag,,,,,
520,welche zeit ist jetzt,,,,,
11660,fammi avere una lista di ottimi ristoranti,,,,,
6149,quiero escuchar música de una banda de mi lista de reproducción,,,,,
15770,l' università di bologna mi ha inviato una email,,,,,
14089,nilai saham facebook,,,,,
14197,cuál es el tipo de cambio actual entre el dólar y el euro,,,,,
876,spela veronica maggio jag kommer,,,,,
4792,die datum vandag asseblief,,,,,
3125,wat is het laatste nieuws over trump's reisverbod,,,,,
3024,stekker aanzetten,,,,,
1654,seberapa dingin selasa depan,,,,,
8252,régler une minuterie à cinq heures du matin sept jours sur sept,,,,,
5547,mainit na pagbati kay mac para sa bagong trabaho,,,,,
1067,hoe activeer ik de robot stofzuiger,,,,,
4954,vos scénarios sur votre p. c. et transférez-les via le partage de point d'accès,,,,,
690,het is te luid verlaag het volume,,,,,
11297,mag play ng podcast tungkol sa pinakabagong mga video sa yoga,,,,,
14366,sal dit goed wees om vandag nike aandele te koop,,,,,
11584,wanner is het volgende blues concert in utrecht,,,,,
14839,vad är växlingskursen mellan u. s. d. och s. e. k.,,,,,
14197,quel est le taux de change actuel entre le dollar et l'euro,,,,,
15859,encaminhar o conteúdo mostrado para blahblah arroba blah ponto com com e-mail,,,,,
15859,vidarebefordra det visade innehållet till jens jansson snabel a. gmail punkt kom med mejl,,,,,
6092,kommer det bli molnigt i vetlanda under helgen,,,,,
13314,dependiendo del rol al que vayas esto afectará tu respuesta,,,,,
2332,reën dit nou op die oomblik,,,,,
12794,siri finde zug tickets nach brandenburg,,,,,
7146,finde abendessen mit mutter auf meinem kalender und lösche es,,,,,
12820,fammi vedere il traffico,,,,,
8871,verwyder vier-en-twingste maart vergadering van my skedule,,,,,
7212,stuur me een uur voor mijn volgende werkvergadering een herinnering,,,,,
11002,prüfe meine zu erledigen liste,,,,,
16152,qualche nuova email da giacomo,,,,,
14089,taux d'action de facebook,,,,,
8595,ai-je du temps pour un rendez-vous chez le médecin mardi matin,,,,,
7320,quels événements se produisent entre vingt quatre heures aujourd'hui,,,,,
13834,ano ang halaga ng peso kumpara sa isang dolyar ng u. s.,,,,,
3125,quali sono le ultime novità sul divieto di viaggiare verso gli stati uniti,,,,,
10727,vilka listor har jag,,,,,
2977,renklerini farklı bir şeye çevir,,,,,
9133,skeduleer 'n vergadering vir dinsdag,,,,,
16860,jag mejlade hasse en vecka sedan snälla påminn mig vad jag skrev,,,,,
8595,het ek enige beskikbare tyd vir n doktersafspraak op dinsdag oggend,,,,,
15770,la universidad de greenwich me ha enviado por correo electrónico,,,,,
4485,wat voor weer gaat het zijn deze week,,,,,
6309,ek wil nie meer oproepe na vyf n. m. neem nie,,,,,
118,den künstler des lieds bitte,,,,,
4792,bugünün tarihi lütfen,,,,,
8595,tengo algun horario disponible para la cita en el médico del martes por la mañana,,,,,
14373,welke kleur is een basketbal,,,,,
13314,selon le rôle que vous recherchez cela affectera votre réponse,,,,,
2247,maulan ba o malamig ngayong miyerkules,,,,,
7212,remind me an hour before my next work meeting,,,,,
15719,kirim cuitan ke superindo toilet mereka jorok,,,,,
2332,umuulan ba ngayon,,,,,
14839,ano ang halaga ng palitan ng u. s. d. sa p. h. p.,,,,,
4792,datumet idag tack,,,,,
9223,turn radio to ninety eight point seven,,,,,
7764,per favore svuota il mio calendario da tutti gli eventi,,,,,
16347,mag mensahe sa aking biyenang babae na i book ang mga reserbasyon bago mag biyernes o sila ay mawawalan ng bisa,,,,,
7764,skrap asseblief my kalender van alle gebeurtenisse,,,,,
8871,verwijder de vergadering op de vierentwintigste maart uit mijn agenda,,,,,
2247,est-ce qu'il va encore faire pluvieux et froid mercredi,,,,,
2332,apakah sekarang hujan,,,,,
3024,prizi aç,,,,,
1654,hur kallt kommer det att bli nästa tisdag,,,,,
16683,cuál es la dirección del domicilio de juan,,,,,
4792,ang petsa ngayon,,,,,
8008,a che ora è l' appuntamento dal dentista lunedì,,,,,
12794,siri trova biglietti del treno per roma,,,,,
10101,bagaimana cara memasak steak,,,,,
4954,i tuoi scenari sul computer e trasferiscili tramite il caldo,,,,,
15719,mangyaring magpadala ng tweet sa puregold tungkol sa maduming banyo,,,,,
10959,yiyeceklere ekle,,,,,
118,sê my die kunstenaar van die song,,,,,
13170,quanti abitanti per miglio ci sono in asia,,,,,
16164,was er een e-mail over de verkeerde boeking in sia,,,,,
7510,clear event,,,,,
15719,per favore invia un tweet al famila per non avere un bagno pulito,,,,,
3560,tolong kecilkan suara,,,,,
6830,libérer mon emploi du temps pour la semaine prochaine,,,,,
9021,set an office meeting reminder for the next three days,,,,,
8595,salı sabahına doktor randevusu için müsait zamanım var mı,,,,,
14197,what is the current exchange rate between the dollar and the euro,,,,,
15357,tweet apple dat die iphone nie werk nie,,,,,
690,è troppo forte diminuisci il volume,,,,,
6318,crees que hoy será agradable,,,,,
14366,maganda bang bumili ng stock ng nike ngayon,,,,,
16164,may email ba tungkol sa maling booking sa sia,,,,,
4792,la fecha de hoy por favor,,,,,
13170,berapa populasi per mil di asia,,,,,
7212,recuérdame una hora antes de mi próxima reunión de trabajo,,,,,
13006,was glaubst du wie ich aussehe,,,,,
1847,bestel een kaasburger voor me van burger king,,,,,
2247,wordt het woensdag nog steeds regenachtig en koud,,,,,
1654,gaano kalamig sa martes,,,,,
13381,usa esta palabra en una oración,,,,,
13570,was bedeutet witz,,,,,
5885,öka styrkan på ljuset,,,,,
8008,à quelle heure est mon rendez-vous chez le dentiste lundi,,,,,
15770,heeft de universiteit van amsterdam mij gemaild,,,,,
3125,what's the latest on trump's travel ban,,,,,
14373,de quelle couleur est un ballon de basket,,,,,
14089,valore delle azioni di facebook,,,,,
11584,quand aura lieu le prochain concert de blues à liverpool,,,,,
11660,gee vir my 'n lys van goeie restaurante in 'n,,,,,
14494,vestelin hisse değeri nedir,,,,,
13170,vad är befolkning per kilometer i asien,,,,,
2944,alexa éteindre la lampe dans le salon,,,,,
2944,alexa oturma odasındaki lambayı kapat,,,,,
13006,hoe dink jy lyk ek,,,,,
16164,c'è qualche nuova email a riguardo della prenotazione sbagliata di ryanair,,,,,
7056,ik moet maandag om tien uur in de ochtend een afspraak met anna plannen,,,,,
3125,erdoğanın son yaptığı uluslararası anlaşma konusunda son durum nedir,,,,,
16340,laat ek my mees onlangse e-posse sien,,,,,
2940,riproduci la mia playlist shazaam sulla app di spotify,,,,,
1716,could you speak a little more softly,,,,,
1847,commande moi un burger au fromage chez tommy's burgers,,,,,
8252,poner una alarma a las cinco de la mañana siete días a la semana,,,,,
14373,what color is a basketball,,,,,
11786,antrenman günü,,,,,
16340,perlihatkan email terbaru saya,,,,,
14197,wat is die huidige wisselkoers tussen die dollar en die euro,,,,,
2833,starte den staubsauger um neun uhr,,,,,
14089,preço da ações do facebook,,,,,
9843,vänligen återuppta nuvarande låt av masti,,,,,
12845,reserva um táxi para mim esta noite,,,,,
1716,bisakah kamu berbicara sedikit lebih lembut,,,,,
2977,palitan ang mga kulay anuman,,,,,
13992,sy nuwe toekenning,,,,,
16683,quelle est l'adresse du domicile de joe joe,,,,,
6309,jag vill inte ta fler samtal efter klockan fem,,,,,
16912,recibí correos electrónicos de esta persona,,,,,
7146,temukan makan malam dengan ibu di kalender saya dan hapus itu,,,,,
6374,was ist ein gutes rap album das dieses jahr herausgekommen ist,,,,,
6309,je ne veux plus prendre d'appels après cinq heures du soir,,,,,
8252,stel een timer in op vijf uur in de ochtend zeven dagen per week,,,,,
16860,engine bir hafta önce eposta gönderdim lütfen bana ne yazdığımı hatırlat,,,,,
10328,gör en turnering med mig i candy crush,,,,,
14494,ano ang halaga ng stock ni i. b. m.,,,,,
14373,welche farbe hat ein basketball,,,,,
8070,ingatkan saya untuk bertemu sarah di jamtos pada tengah hari,,,,,
2944,alexa stäng av lampan i vardagsrummet,,,,,
4485,wie soll diese woche das wetter werden,,,,,
7212,rappel moi une heure avant ma prochaine réunion de travail,,,,,
10504,daftar apa yang saya punya,,,,,
3024,skakel aan prop,,,,,
3125,vad är det senaste om trumps reseförbud,,,,,
2940,pon mi playlist de shazaam en la app de spotify,,,,,
2247,sarà ancora freddo e piovoso mercoledì,,,,,
11836,gibt es einkaufszentren in der nähe,,,,,
7764,pouvez vous s'il vous plaît effacer mon calendrier de tout évènement,,,,,
13170,quelle est la population par mile en asie,,,,,
16604,stuur e-mail naar dochter,,,,,
10504,que listas eu tenho,,,,,
15719,stuur een tweet naar café vrienden over het niet hebben van een schoon toilet,,,,,
5059,sage mir wenn es neue nachrichten über donald trump gibt,,,,,
6374,c'est quoi un bon album de rap qui est sorti cette année,,,,,
16910,gusto ko at ang aking email address,,,,,
16358,bu kişi tarafından gönderilen epostayı oku,,,,,
9413,nächste iheart musik radio show,,,,,
12820,toon verkeer,,,,,
11002,verifica a minha lista de afazeres,,,,,
3024,nyalakan steker,,,,,
8871,rimuovi la riunione del ventiquattro marzo dall'agenda,,,,,
3597,ich möchte schlafen,,,,,
13381,pouvez-vous convertir mon cet argent en,,,,,
16860,ho inviato una email a carlo una settimana fa per favore ricordami cosa avevo scritto,,,,,
16340,låt mig se mina senaste mejl,,,,,
2944,alexa matikan lampu di ruang keluarga,,,,,
4792,the date today please,,,,,
10727,que lista tenho eu,,,,,
15859,reenvía el contenido mostrado a blabla arroba bla punto com con un correo electrónico,,,,,
16604,send email to daughter,,,,,
15719,please send a tweet to food lion about not having a clean restroom,,,,,
118,bana bu şarkının sanatçısını söyle,,,,,
14366,är det en bra ide att köpa nike aktier idag,,,,,
13381,use this word in a sentence,,,,,
8070,onthou my om sarah te ontmoet by die wimpy in malmesbury weskaap twaalfuur namiddag,,,,,
10670,remove the list of person starting from letter medium in my contact list,,,,,
520,quelle heure est il maintenant,,,,,
14197,dolar ve avro arasındaki güncel döviz kuru nedir,,,,,
16152,nog nieuwe post van jaap,,,,,
5791,hora del reloj,,,,,
2833,starta dammsugaren noll nio noll noll,,,,,
5616,ändere die zeitzone auf g. m. t.,,,,,
10727,ne listem var,,,,,
10101,hoe kook je biefstuk,,,,,
6149,voglio ascoltare la musica di un gruppo della mia playlist,,,,,
16347,skicka ett meddelande till min svärmor att boka bokningarna före fredag annars går de ut,,,,,
6092,apakah akan berawan di jakarta selama akhir minggu,,,,,
10556,quelle est ma liste,,,,,
4954,iyong mga senaryo sa iyong p. c. at ilipat ang mga ito pabalik sa sa pamamagitan ng mainit,,,,,
13381,usa esta palavra numa frase,,,,,
15719,por favor envía un tuit a goiko grill acerca de no disponer de un baño limpio,,,,,
3560,verminder het geluid a. u. b,,,,,
10328,haz un torneo conmigo en candy crush,,,,,
7510,elimina evento,,,,,
13381,gebruik die woord in 'n sin,,,,,
12820,tampilkan lalu lintas,,,,,
3257,olly alguma notícia nova sobre a cristina ferreira,,,,,
6374,qual é um bom álbum de rap que tenha saído este ano,,,,,
4740,turn down the lights in the living room,,,,,
11786,sy klink soos lente,,,,,
8595,mayroon ba akong anumang libreng oras para sa tipanan sa doktor sa martes ng umaga,,,,,
4468,reporter mon réveil de quinze minutes,,,,,
12845,prenotami un taxi questa sera,,,,,
3257,olly adakah berita baru tentang reza rahadian,,,,,
1654,quão frio vai estar na terça-feira,,,,,
6830,libertar a minha agenda para a próxima semana,,,,,
2833,accendi l' aspirapolvere alle nove,,,,,
12820,zeige verkehr,,,,,
9413,kun je de volgende coen en sander show opzetten,,,,,
1847,beställ en ostburgare till mig från mcdonalds,,,,,
3024,buksan ang saksakan,,,,,
648,maaari mo bang sabihin sa akin kung anong mga alarm ang naitakda ko,,,,,
5791,hoelaat is het,,,,,
10959,voeg het toe aan de boodschappen,,,,,
15357,tuitea a apple diciendo que el iphone no funciona,,,,,
4954,breng de scenario's op uw p. c. terug naar de via de hot,,,,,
3024,ligar tomada,,,,,
13992,sein neuer preis,,,,,
14197,qual è il tasso di cambio attuale tra euro e dollaro,,,,,
1856,naik,,,,,
9843,continua a música atual de masti,,,,,
14366,zou het goed zijn om nike aandelen te kopen vandaag,,,,,
10328,gioca un torneo a candy crush con me,,,,,
16152,de nouveaux mailsde jacques,,,,,
10670,ta bort listan av personer som börjar med m. i min kontaktlista,,,,,
14366,will it be good to buy nike stock today,,,,,
1977,lütfen bugün sabah için kurduğum alarmı kaldır,,,,,
2977,verander jou kleure na iets verskillend,,,,,
10670,supprimer la liste de personne à partir du support lettre dans ma liste de contact,,,,,
1856,upp,,,,,
11297,speel 'n podcast oor die nuutste joga videos,,,,,
8008,what time is my dentist appointment on monday,,,,,
15357,tweet apple that the iphone doesn't work,,,,,
3858,wird es irgendwelchen schnee am dienstag geben,,,,,
9223,radyoyu doksan sekiz nokta yediye çevir,,,,,
7764,takvimimdeki tüm etkinlikleri temizler misin,,,,,
1716,podes falar um pouco mais calmo,,,,,
3024,accendi la presa,,,,,
7320,bugün saat iki dört arasında hangi olaylar oluyor,,,,,
3257,olly c'è qualche ultima notizia su brad pitt,,,,,
3125,apa yang terbaru tentang djoko tjandra mendapat pencekalan keluar negeri,,,,,
14494,wat is het aandeel i. b. m. waard,,,,,
10328,doen 'n toernooi met my in candy crush,,,,,
16683,can canın ev adresi nedir,,,,,
6318,denk je dat het vandaag leuk zal zijn,,,,,
10556,wat is mijn lijst,,,,,
7510,verwyder gebeurtenis,,,,,
8595,apakah saya ada waktu luang untuk janji dengan dokter di hari selasa pagi,,,,,
10959,add to my groceries,,,,,
5616,definir o fuso horário para g. m. t.,,,,,
6830,free up my schedule for the next week,,,,,
11297,reproduz o podcast sobre os últimos vídeos de yoga,,,,,
16910,aku mau menambahkan alamat email aku,,,,,
14494,vad är telias aktievärde,,,,,
648,kannst du mir sagen welche wecker ich gestellt habe,,,,,
11836,yakınlarda herhangi bir alışveriş merkezi var mı,,,,,
3024,steckdose anschalten,,,,,
15357,tweeta apple att telefonen inte fungerar,,,,,
13992,his new award,,,,,
16912,did i receive emails from this person,,,,,
13834,vad är ungersk forint värd jämfört med en amerikansk dollar,,,,,
7146,trouver le dîner avec maman sur mon calendrier et le supprimer,,,,,
13314,abhängig von der rolle die du hast wird das deine antwort beeinflussen,,,,,
690,it is too loud decrease the volume,,,,,
3257,olly anumang bagong balita kay piolo pascual,,,,,
10727,welche liste habe ich,,,,,
9133,schedule meeting on tuesday,,,,,
2247,aoakah akan hujan dan dingin di hari rabu,,,,,
15770,has the university of greenwich emailed me,,,,,
3858,ci sarà neve martedì,,,,,
14839,wat is die wisselkoers van rand aan cdn,,,,,
2332,regnar det just nu,,,,,
12794,siri busca billetes de tren a madrid,,,,,
5885,tingkatkan intensitas pencahayaan,,,,,
7320,che eventi si tengono tra le quattordici e le sedici di oggi,,,,,
1067,como ativar o aspirador robot,,,,,
7146,hitta middag med mamma i min kalender och radera den,,,,,
11660,provide me with the list of great restaurants in a,,,,,
15357,tuitar apple que o iphone não funciona,,,,,
6092,zal het bewolkt zijn in londen gedurende het weekend,,,,,
6149,ek wil musiek hoor van 'n orkes van my speel lys,,,,,
9133,agendar reunião na terça-feira,,,,,
1067,cómo activas el robot aspiradora,,,,,
3597,uyumak istiyorum,,,,,
9413,toque o próximo programa de rádio da r. t. p.,,,,,
5059,sabihin mo sa akin kapag may bagong balita tungkol kay donald trump,,,,,
13834,quanto vale l' euro rispetto al dollaro statunitense,,,,,
1067,robot süpürgeyi nasıl aktifleştirirsin,,,,,
9133,rendez-vous du mardi,,,,,
4792,tanggal hari ini,,,,,
6092,será chuvoso em porto durante a semana,,,,,
6149,benim çalma listemden bir gruptan müzik duymak istiyorum,,,,,
14494,wat is ek netgen se voorraad werd,,,,,
1977,tolong hapus alarm yang saya atur pagi hari ini,,,,,
10101,hur lagar man stek,,,,,
7510,malinaw na kaganapan,,,,,
5616,ställ in tidszonen till g. m. t.,,,,,
4468,postpone my alarm by fifteen minutes,,,,,
7212,erinnere mich eine stunde vor meinem nächsten arbeitstreffen,,,,,
10556,was ist meine liste,,,,,
6830,libera la mia agenda per la prossima settimana,,,,,
11660,berikan aku daftar restoran terenak di,,,,,
4740,kurangi pencahayaan ruang keluarga,,,,,
13314,tergantung pada peran yang akan kamu mainkan ini akan memengaruhi jawabanmu,,,,,
7146,find dinner with mom on my calendar and delete it,,,,,
3024,allumer la prise,,,,,
11297,putar podcast tentang video yoga terbaru,,,,,
14366,wäre es gut heute volkswagen aktien zu kaufen,,,,,
12845,pesankan taksi malam ini untuk saya,,,,,
15770,hat mir die uni münchen geschrieben,,,,,
6092,magiging maulap ba ang london habang katapusan ng linggo,,,,,
11786,giorno di allenamento,,,,,
7764,can to please clear my calendar of all events,,,,,
1716,pwede ka bang magsalita ng medyo mahina,,,,,
14494,cuál es el valor de las acciones del ibm,,,,,
7510,borrar evento,,,,,
4468,ipagpaliban ang hudyat ko ng labinlimang minuto,,,,,
13834,amerikan doları ile karşılaştırıldığında bir kosta rika kolonun değeri nedir,,,,,
10328,doe een toernooi met me in candy crush,,,,,
5791,oras ng orasan,,,,,
6309,no quiero recibir más llamadas después de las cinco de la tarde,,,,,
8871,remove twenty fourth march meeting from schedule,,,,,
16683,qual a morada de joão carlos,,,,,
8252,haftanın yedi günü sabah beşe bir alarm kur,,,,,
13006,come pensi che io sia fisicamente,,,,,
4954,die scenario's op jou p. c. en dra hulle oor na die geheue stokkie,,,,,
15357,twitta ad apple che l'iphone non funziona,,,,,
8595,do i have any available time for a doctor's appointment on tuesday morning,,,,,
3257,olly några nyheter om brad pitt,,,,,
10556,what is my list,,,,,
7056,jag behöver boka ett möte med anna på måndag vid tio på förmiddagen,,,,,
10670,kişi listemdeki harf ortamından başlayan kişilerin listesini kaldır,,,,,
16358,lee el correo enviado por este contacto,,,,,
14366,apakah ini hari yang tepat untuk membeli saham nike hari ini,,,,,
118,diz-me o artista desta música,,,,,
9223,pon el noventa y ocho punto siete en la radio,,,,,
14373,vilken färg har en basketboll,,,,,
5791,uhrzeit,,,,,
12845,boka en taxi till mig ikväll,,,,,
12820,mostrar tráfico,,,,,
7056,trage für montag zehn uhr ein meeting mit anna ein,,,,,
8252,set a timer at five am seven days a week,,,,,
9021,establecer un recordatorio de reunión en la oficina para los próximos tres días,,,,,
16860,ek het vir koos 'n week gelede 'n e-pos gestuur herinner my wat het ek geskryf,,,,,
14197,vad är den nuvarande växelkursen mellan en dollar och euro,,,,,
10727,welke lijst heb ik,,,,,
876,mainkan lagu coklat karma untuk saya,,,,,
4954,ihre scenarios auf ihrem p. c. und transferiere diese zurück über den heißen,,,,,
10101,como cozinho bife,,,,,
4740,draai de lichten in de woonkamer lager,,,,,
14373,anong kulay ng basketbol,,,,,
4740,apaga las luces de la sala apaga,,,,,
14494,what is i. b. m.'s stock worth,,,,,
118,sabihin mo sa akin ang artista ng kantang ito,,,,,
2944,alexa turn off the lamp in the living room,,,,,
6318,tror du att det kommer bli fint ute idag,,,,,
2940,speel my shazaam speellys op die spotify toep,,,,,
16347,envoie un message à ma belle-mère pour réserver avant qu'elles expirent vendredi,,,,,
690,çok gürültülü sesi azalt,,,,,
16860,saya mengirim email ke rudi seminggu yang lalu ingatkan saya apa yang saya tulis,,,,,
14089,facebook hisse fiyatları,,,,,
6149,saya ingin mendengar musik oleh band dari playlist saya,,,,,
5885,aumenta a intensidade da luz,,,,,
14373,watter kleur is 'n basketbal,,,,,
16604,schicke eine email an die tochter,,,,,
2940,spotify uygulamalardan benim shazaam çalma listesi ni çal,,,,,
13006,ano sa tingin mo ang itsura ko,,,,,
4468,stel my alarm uit met vyftien minute,,,,,
3858,gaan daar enige sneeu wees dinsdag,,,,,
7146,maghanap ng hapunan kasama ang ina ko sa aking kalendaryo at tanggalin ito,,,,,
3257,olly any fresh news on brad pitt,,,,,
1856,subir,,,,,
11584,waneer is die volgende blues konsert in kaapstad,,,,,
4954,skenariomu di p. c. kamu dan transfer balik ke lewat hot,,,,,
9021,sonraki üç gün için ofiste toplantı anımsatıcısı kur,,,,,
1977,rimuovi la sveglia impostata per questa mattina,,,,,
15719,bitte sende einen tweet an burger heart darüber dass sie keine saubere toilette haben,,,,,
2332,está a chover agora,,,,,
13992,o seu novo prémio,,,,,
8871,ta bort tjugofjärde mars möte från schemat,,,,,
9021,stel n kantoor vergadering herinnering vir die volgende drie dae,,,,,
13570,que significa chiste,,,,,
8008,pazartesi diş hekimi randevum saat kaçta,,,,,
12794,siri maghanap ng mga tiket sa tren papuntang maynila,,,,,
11786,training day,,,,,
8871,entferne das treffen vom vierundzwanzigsten märz aus meinem plan,,,,,
15859,teruskan konten terlihat ke blahblah at blah dot com dengan email,,,,,
15770,ang unibersidad ng greenwich ba ay nag email sa akin,,,,,
7320,was passiert um vierzehn und sechszehn uhr heute,,,,,
15357,twittere an apple dass das handy nicht funktioniert,,,,,
7056,je dois planifie une réunion avec allison lundi à dix heures du matin,,,,,
1654,hoe koud gaan dit wees volgende dinsdag,,,,,
12794,siri procura bilhetes de comboio para aveiro,,,,,
13170,wat is bevolking per myl in alaska,,,,,
1847,ordinami un cheese burger da america graffiti,,,,,
14373,apa warna bola basket,,,,,
1847,encomenda um hambúrguer de queijo da hamburgueria d'avó ana,,,,,
16152,enige nuwe e-pos vanaf jack,,,,,
648,bisakah kamu beri tahu saya alarm apa yang sudah saya atur,,,,,
2707,laute bitte,,,,,
9843,starte wieder den aktuellen song,,,,,
16358,lies mir die email vor die dieser kontakt geschrieben hat,,,,,
8070,paalalahan ako na makipagkita kay marian sa luneta park sa tanghali,,,,,
16910,ich möchte und meine email adresse,,,,,
15719,skicka en tweet till phil's burger om att inte ha en ren toalett,,,,,
10670,eliminar la lista de personas que empiezan por la letra media en mi lista de contactos,,,,,
6830,rensa mitt schema för nästa vecka,,,,,
8070,påminn mig om att träffa sara på lidl i borås klockan tolv,,,,,
16164,y a-t-il eu un e-mail concernant la mauvaise réservation en asie,,,,,
9133,toplantıyı salıya ayarla,,,,,
876,benim için mey 'den model 'i çal,,,,,
6196,vertel my n ewekansige trivia,,,,,
5059,beri tahu saya saat ada berita terbaru joko widodo,,,,,
16358,lees die e-pos gestuur deur hierdie kontak,,,,,
16604,skicka mejl till dotter,,,,,
9413,can you put on the next i heart music radio show,,,,,
15770,l' université de greenwich m'a-t-elle envoyé un e-mail,,,,,
5547,souhaite chaleureusement à mac pour un nouveau emploi,,,,,
3125,qué es lo último de la prohibición de viajar de pedro sánchez,,,,,
876,spiel kari jobe für mich,,,,,
10556,ano ang aking nasa listahan,,,,,
118,beritahu saya artis dari lagu ini,,,,,
4485,hoe gaan die weer hierdie week wees,,,,,
1847,order me a cheese burger from tommy's burgers,,,,,
10959,idagdag sa aking mga groseri,,,,,
520,che ora è adesso,,,,,
648,podrías decirme las alarmas que he ajustado,,,,,
12820,show traffic,,,,,
1067,hoe aktiveer jy die robot stofsuier,,,,,
13314,afhankelijk van de rol waarvoor je gaat heeft dit invloed op je antwoord,,,,,
13834,was ist ein euro wert im vergleich zu einem u. s. dollar,,,,,
13170,was ist bevölkerung pro meile in asien,,,,,
5616,fija la zona horaria a g. m. t.,,,,,
16164,havia algum e-mail sobre a reserva errada na sia,,,,,
10556,vad är min lista,,,,,
15770,greenwich üniversitesi bana e-posta gönderdi mi,,,,,
4740,patayin ang mga ilaw sa sala,,,,,
6196,bana tırı vırı anlat,,,,,
2977,ubah warnamu menjadi warna lain,,,,,
7056,kailangan kong mag-iskedyul ng isang pagpupulong kay allison sa lunes ng alas diyes n. u.,,,,,
1067,bagaimana cara aktifkan robot penyedot debu,,,,,
13006,hur tror du att jag ser ut,,,,,
648,pouvez-vous me dire quelles alarmes j'ai définies,,,,,
8008,om hoelaat is mijn tandartsafspraak maandag,,,,,
5885,increase light intensity,,,,,
7212,herinner my 'n uur voor my volgende werks vergadering,,,,,
12820,mostrar transito,,,,,
118,dis-moi l'artiste de cette chanson,,,,,
16912,est-ce que je reçois des emails de cette personne,,,,,
3858,kommer det att snöa på tisdag,,,,,
1067,how do you activate the robot vacuum cleaner,,,,,
11836,ci sono dei centri commerciali da queste parti,,,,,
690,c'est trop fort baissez le volume,,,,,
7510,lösche veranstaltungen,,,,,
6092,gaan dit bewolk wees in bloemfontein gedurende die naweek,,,,,
11297,spiel einen podcast über die neuesten yoga videos,,,,,
3560,sänk ljudet tack,,,,,
8070,rappelez-moi de rencontrer sarah à safeway à mckinleyville en californie à midi,,,,,
11297,lance un podcast sur les dernières vidéos de yoga,,,,,
9133,jadwalkan rapat pada selasa,,,,,
11786,araw ng pagsasanay,,,,,
6149,höre musik von einer band aus meine playlist,,,,,
15859,transmet le contenu affiché à blahblah arobase blah point com avec e-mail,,,,,
13381,använd det här ordet i en mening,,,,,
4468,verschiebe meinen wecker um fünfzehn minuten,,,,,
8871,yirmi dört mart toplantısını programdan kaldır,,,,,
8871,hapus rapat tanggal dua puluh empat maret dari jadwal,,,,,
9223,liga o rádio na rfm,,,,,
5059,dis-moi quand il y a de nouvelles nouvelles sur françois hollande,,,,,
1856,hausse,,,,,
520,wat is die tyd nou,,,,,
5791,horlosie tyd,,,,,
7510,verwijder de afspraak,,,,,
8070,remind me to meet sarah at safeway in mckinleyville california at noon,,,,,
14089,stock rate of facebook,,,,,
876,play kari jobe for me,,,,,
10101,comment cuisiner un steak,,,,,
10328,faz um torneio comigo no candy crush,,,,,
7146,buscar la cena con mamá en mi calendario y borrar lo,,,,,
10504,welche listen habe ich,,,,,
876,toca mafalda veiga,,,,,
7146,vind het diner met mama in mijn kalender en verwijder het,,,,,
16358,lis le mail envoyé par ce contact,,,,,
6092,va-t-il faire nuageux à londres pendant le week-end,,,,,
8070,erinnere mich an das treffen mit sarah am steinweg in regensburg bayern am mittag,,,,,
16152,any new mail from jack,,,,,
13170,what is population per mile in asia,,,,,
14373,de que cor é uma bola de basquetebol,,,,,
3858,apakah akan ada salju di hari selasa,,,,,
16860,nag email ako kay conrad isang linggo ang nakalipas ipaalala sa akin kung ano ang isinulat ko,,,,,
690,está muito alto baixa o volume por favor,,,,,
5616,zamanı greenwich yerel saati ne ayarla,,,,,
13006,sence neye benziyorum,,,,,
16912,bu kişiden e-posta aldım mı,,,,,
6830,libera mi agenda de la próxima semana,,,,,
1716,puedes hablar un poco más bajo,,,,,
1856,up,,,,,
9413,pwede mo bang ilagay sa susunod na palabas ng wish f. m.,,,,,
12820,wys verkeer,,,,,
8070,adana ziyapaşa bulvarındaki özsütte öğlen suna ile buluşacağımı hatırlat,,,,,
16604,kirimkan email ke anak perempuan,,,,,
2833,começar o aspirador de pó às nove da manhã,,,,,
16860,ik e-mailde conrad een week terug herinner me er alsjeblieft aan wat ik schreef,,,,,
1856,hoch,,,,,
6309,ik wil na vijf uur in de middag niet meer gebeld worden,,,,,
14197,wat is de huidige wisselkoers tussen de dollar en de euro,,,,,
648,kun je mij vertellen welke wekkers ik heb gezet,,,,,
7764,kannst du bitte alle veranstaltungen aus meinem kalender löschen,,,,,
12794,siri hitta en tåg biljett till vänersborg,,,,,
1716,biraz daha yumuşak konuşur musun,,,,,
9021,sätt en arbetsplatsmöte påminnelse för de nästkommande tre dagarna,,,,,
16347,message my mother in law to book the reservations before friday or they will expire,,,,,
16340,mostrami le mie email recenti,,,,,
16358,quero ler o email enviado por este contacto,,,,,
2833,start de stofzuiger om negen uur in de ochtend,,,,,
9223,schalte das radio auf achtundneunzig punkt sieben ein,,,,,
13834,que vaut un euro par rapport à un dollar américain,,,,,
2940,spiel meine shazaam playlist auf der spotify app,,,,,
11836,is daar enige inkopiesentrums naby,,,,,
7212,paalalahanan ako isang oras bago ang aking susunod na pulong sa trabaho,,,,,
16340,hayaan mo akong makita ang aking mga pinakabagong email,,,,,
6092,is it going to be cloudy in london during the weekend,,,,,
8008,anong oras ang appointment sa dentista ko sa lunes,,,,,
6374,qual è un bell'album rap uscito quest'anno,,,,,
15770,a universidade de lisboa enviou-me um email,,,,,
3560,réduis le son s'il te plaît,,,,,
7146,soek aandete met ma in my kalender en skrap dit,,,,,
15357,applea iphoneun çalışmadığı hakkında tweet at,,,,,
12794,siri vind trein kaarten naar amsterdam,,,,,
4740,diminuir as luzes na sala de estar,,,,,
6374,what is a good rap album that came out this year,,,,,
8252,ställ en timer på fem på morgonen sju dagar i veckan,,,,,
15357,tweet apple dat de iphone niet werkt,,,,,
10959,añádelo a mi compra,,,,,
3597,aku mau tidur,,,,,
13381,benutze das wort in einem satz,,,,,
11786,o leão da estrela,,,,,
10670,verwijderd de lijst van persoon die starten met medium letter in mijn contactenlijst,,,,,
13170,qual é a densidade populacional da ásia por metro quadrado,,,,,
16152,några nya mejl från daniel,,,,,
13834,wat is n kalone werd in vergelyking met n v. s. dollar,,,,,
13314,beroende på vilken roll du satsar på så kommer det påverka ditt svar,,,,,
13570,cosa significa barzelletta,,,,,
3858,gaat er dinsdag sneeuw vallen,,,,,
5547,warm wishes to mac for new job,,,,,
7056,i need to calendar a meeting with allison on monday at ten am,,,,,
2247,çarşamba günü yağmurlu ve soğuk mu olacak,,,,,
520,anong oras na ngayon,,,,,
2833,simulan ang vacuum sa siyam n. u.,,,,,
11297,speel de podcast over de nieuwste yoga videos,,,,,
9413,bisakah kamu putar acara radio podkesmas berikutnya,,,,,
8252,imposta un timer alle cinque di mattina sette giorni a settimana,,,,,
13570,o que significa piada,,,,,
6309,não quero receber mais chamadas depois das cinco da tarde,,,,,
1977,asseblief verwyder die alarm wat ek gestel het vir vanoggend,,,,,
16604,stuur e-pos aan dogter,,,,,
4740,baisse les lumières dans le salon,,,,,
1977,mangyaring alisin ang hudyat na itinakda ko para sa umaga ngayon,,,,,
6318,pensez-vous qu'il fera beau aujourd'hui,,,,,
14839,wat is de wisselkoers van amerikaanse dollar naar canadese dollar,,,,,
4468,skjut upp mitt larm femton minuter,,,,,
16912,heb ik e-mails van deze persoon ontvangen,,,,,
8871,eliminar a reunião de vinte e quatro de março da programação,,,,,
7764,hapus semua kalender acara saya,,,,,
6830,maak mijn agenda vrij voor volgende week,,,,,
16910,quiero la dirección de mi correo electrónico,,,,,
648,can you tell me what alarms i have set,,,,,
9413,peux-tu mettre sur la prochaine émission de radio i heart music,,,,,
13314,a seconda del ruolo che prendi la tua risposta cambierà,,,,,
6309,ich möchte nach fünf uhr nachmittags keine anrufe mehr entgegennehmen,,,,,
6149,je veux écouter un groupe de musique dans ma playlist,,,,,
4485,bu hafta hava nasıl olacak,,,,,
11584,quando é o próximo concerto de fado no castro verde,,,,,
4792,la date d' aujourd'hui s'il vous plait,,,,,
16152,algún correo electrónico nuevo de julio,,,,,
11786,turks fruit,,,,,
10670,alisin ang listahan ng tao na ngasisimula sa letrang medium na nasa aking listahan ng mga koneksiyon,,,,,
8008,jam berapakah janji bertemu dengan dokter gigi ku pada hari senin nanti,,,,,
6196,erzähl mir irgendwas interessantes,,,,,
3125,quelle est la dernière sur l'interdiction de voyager de trump,,,,,
2833,empieza la aspiradora a las nueve a. m.,,,,,
5791,klocka tid,,,,,
2707,daha yüksek sesle lütfen,,,,,
5885,verhoog de licht intensiteit,,,,,
13834,lo que vale un calone en comparación con un dólar estadounidense,,,,,
15859,leite diesen inhalt an mustermail at gmail dot com weiter,,,,,
118,vertel me wie de artiest van dit nummer is,,,,,
3597,gusto kong matulog,,,,,
690,masyadong malakas bawasan ang tono,,,,,
6374,cuál es el álbum de rap bueno que salió este año,,,,,
5059,dizer-me quando há novas notícias sobre o marcelo rebelo de sousa,,,,,
9413,radyo d çalabilir misin,,,,,
6374,wat is een goed rap album dat dit jaar uitkwam,,,,,
11660,bana iyi restoranların listesini yap,,,,,
16910,voglio il mio indirizzo email,,,,,
3560,lütfen sesi kıs,,,,,
1716,zou je wat zachter kunnen praten,,,,,
10727,che lista ho,,,,,
16912,recebi emails desta pessoa,,,,,
9413,puoi mettere su radio kiss kiss,,,,,
10556,benim listem ne,,,,,
1977,ta bort alarmet som jag ställt idag på morgonen,,,,,
10504,che liste ho,,,,,
4468,posponi la mia sveglia di quindici minuti,,,,,
6374,ano magandang rap album na lumabas ngayong taon,,,,,
6374,apa album rap yang bagus yang keluar tahun ini,,,,,
1716,kan du prata lite mjukare,,,,,
690,es ist zu laut reduziere die lautstärke,,,,,
5791,ora dell orologio,,,,,
16340,let me see my most recent emails,,,,,
5616,réglez le fuseau horaire sur t.m.g,,,,,
10101,come si cucina la bistecca,,,,,
10556,cual es mi lista,,,,,
14366,será bueno comprar acciones de nike hoy dia,,,,,
8871,supprimer la réunion du vingt-quatrième mars du calendrier,,,,,
11786,día de entrenamiento,,,,,
16358,lees de email gestuurd door dit contact,,,,,
14494,was ist i. b. m.'s aktie wert,,,,,
13570,ano ang ibig sabihin ng biro,,,,,
9021,für die nächsten drei tage eine erinnerung an eine besprechung im büro einrichten,,,,,
5885,aumenta l'intensità della luce,,,,,
5616,itakda ang time zone sa p. s. t.,,,,,
5616,stel die tydsone na g. m. t.,,,,,
10727,what list do i have,,,,,
9843,riprendi la canzone di masti,,,,,
6374,bu sene çıkmış güzel bir rap albümü hangisidir,,,,,
5885,augmenter l' intensité lumineuse,,,,,
2332,ist es gerade am regnen,,,,,
2332,est-ce qu'il pleut en ce moment,,,,,
2944,alexa apaga la lámpara de la sala,,,,,
14373,basket topu ne renktir,,,,,
8252,magtakda ng kronomiter sa alas singko ng umaga pitong araw sa isang linggo,,,,,
15719,lütfen yemek kralına temiz bir tuvaletin olmadığı hakkında bir tweet gönder,,,,,
4954,sus escenarios en su p. c. y transferirlos de nuevo a la vía caliente,,,,,
3597,quero dormir,,,,,
13006,menurutmu penampilanku kayak apa,,,,,
4792,data di oggi per favore,,,,,
2707,plus fort s'il te plaît,,,,,
8871,eliminar del programa la reunión del veinticuatro de marzo,,,,,
16164,waren dort irgendwelche emails bezüglich der falschen buchung in sia,,,,,
16347,stuur een bericht naar mijn schoonmoeder dat ze de reserveringen voor vrijdag moet boeken anders verlopen ze,,,,,
14839,what is the exchange rate of u. s. d. to cdn,,,,,
876,pon melendi para mi,,,,,
16683,wat is peter jan's thuis adres,,,,,
10328,spiel ein turnier mit mir im candy crush,,,,,
13314,afhangend van die rol waarvoor jy hier gaan sal jou antwoord beïnvloed,,,,,
648,kan du säga mig vilka alarm jag har satt,,,,,
2940,shazam afspeellijst is op spotify app,,,,,
3257,olly quelque nouvelles fraîches sur brad pitt,,,,,
11786,sällskapsresan,,,,,
7056,erkan ile pazartesi sabah on da bir toplantı ayarlamam gerekiyor,,,,,
6309,i don't want to take any more calls after five p. m.,,,,,
2707,mais alto por favor,,,,,
11660,dá me a lista de restaurantes muitos bons numa,,,,,
2707,tolong lebih kencang,,,,,
7056,necesito programar una reunión con allison el lunes a las diez de la mañana,,,,,
10328,makipag tournament ka sa akin sa candy crush,,,,,
2977,verander de kleuren naar iets anders,,,,,
4485,como va a estar el tiempo esta semana,,,,,
16910,ek wil en my e-pos adres,,,,,
11002,vérifie ma liste de choses à faire,,,,,
10101,nasıl biftek pişiririm,,,,,
5547,votos calorosos do manoel pelo novo emprego,,,,,
648,puoi dirmi quali sveglie ho attive,,,,,
4485,what is the weather going to be like this week,,,,,
1856,alza,,,,,
520,que horas são agora mesmo,,,,,
3560,por favor reduz o som,,,,,
6830,kosongkan jadwal saya untuk minggu depan,,,,,
648,kan jy vir my sê watter wekkers ek gestel het,,,,,
8008,a que horas é a minha consulta no dentista na segunda,,,,,
8070,recuerdame quedar con sara en la plaza de armas por la tarde,,,,,
2977,change your colors to something different,,,,,
648,hangi alarmları kurduğumu bana söyleyebilir misin,,,,,
16683,what is joe joe's home address,,,,,
16604,envoie un e-mail à sa fille,,,,,
11660,stell mir eine liste mit großartigen restaurants zur verfügung in einer,,,,,
16604,magpadala ng email sa aking anak na babae,,,,,
1856,sobe o volume,,,,,
10959,aggiungi alla lista della spesa,,,,,
9223,tourne la radio à quatre vingt dix huit virgule sept,,,,,
11584,quando è il prossimo concerto di blues a bologna,,,,,
11836,are there any shopping centers nearby,,,,,
4468,alarmımı on beş dakika ertele,,,,,
14366,oggi è un buon giorno per comprare le azioni della nike,,,,,
3858,is there going to be any snow on tuesday,,,,,
7146,trova la cena con la mamma sul mio calendario e cancellala,,,,,
6092,sarà nuvoloso a torino durante il fine settimana,,,,,
9133,plan een vergadering op dinsdag,,,,,
1716,kan jy bietjie sagter praat,,,,,
5885,aumentar la intensidad de la luz,,,,,
876,speel maroon vijf voor mij,,,,,
8595,har jag någon ledig tid för läkarbesök på tisdag morgon,,,,,
9223,sintonizza la radio su novantotto punto sette,,,,,
6830,gelecek hafta için programımı boşalt,,,,,
3125,quais são as últimas sobre as restrições de viagens do trump,,,,,
16340,laisse -moi voir mes e-mails les plus récents,,,,,
15357,tweet apple que l'iphone ne fonctionne pas,,,,,
5547,cálidos deseos a mac para un nuevo trabajo,,,,,
15859,stuur de getoonde inhoud per email door naar blabla apenstaartje bla punt com,,,,,
16910,quero adicionar o meu endereço de email,,,,,
690,det är för högt sänk volymen,,,,,
3597,i want to sleep,,,,,
2977,cambia i colori in qualcosa di diverso,,,,,
2940,jouer ma playlist de shazam sur l'application de spotify,,,,,
7212,lembra me uma hora antes da minha próxima reunião de trabalho,,,,,
9021,marcar uma reunião de escritório para os próximos três dias,,,,,
13381,usa questa parola in una frase,,,,,
9223,draai radio na agt-en-negentig punt sewe,,,,,
16358,basahin ang email na ipinadala ng kontak na ito,,,,,
3597,quiero dormir,,,,,
1067,come si attiva il robot aspirapolvere,,,,,
6196,kasih tahu aku trivia acak,,,,,
16164,apakah ada email tentang pemesanan salah di sia,,,,,
16912,ho ricevuto delle email da questa persona,,,,,
3858,est ce qu'il va y avoir une chance de neige le mardi,,,,,
4792,data de hoje por favor,,,,,
12820,trafiği göster,,,,,
14197,qual é a taxa de câmbio actual entre o dólar e o euro,,,,,
4485,ano ang klima ngayong linggo,,,,,
15357,twit apple bahwa iphone tidak bekerja,,,,,
2247,is it still going to be rainy and cold on wednesday,,,,,
2707,högre tack,,,,,
10959,tambahkan ke belanjaan saya,,,,,
4740,oturma odasındaki ışıkları kıs,,,,,
13170,wat is bevolking per mijl in azië,,,,,
15719,veuillez envoyer un tweet à food lion sur le fait de ne pas avoir de toilettes propres,,,,,
9843,por favor reanuda la canción actual de melendi,,,,,
7146,encontrar o jantar com a mãe no meu calendário e excluí lo,,,,,
10504,what lists do i have,,,,,
16358,läs mejl från denna kontakt,,,,,
7146,takvimimde annemle olan akşam yemeğini bul ve onu sil,,,,,
1067,hur aktiverar jag robotdammsugaren,,,,,
7056,saya perlu tambahkan pertemuan dengan allison pada senin jam sepuluh pagi,,,,,
2944,alexa spegni la lampada in soggiorno,,,,,
13834,quanto vale um calone em comparação com um dólar americano,,,,,
7320,welke evenementen staan er in mijn agenda van twee tot vier uur in de middag vandaag,,,,,
15859,forward shown content to blahblah at blah dot com with email,,,,,
12794,siri eskişehir 'e tren biletleri bul,,,,,
7320,que eventos irão acontecer hoje entre as duas e as quatro da tarde,,,,,
10504,quelles listes ai- je,,,,,
16347,kirim pesan ibu tiri saya untuk memesan reservasi sebelum hari jumat atau tidak akan berlaku lagi,,,,,
3858,vai haver alguma neve na terça-feira,,,,,
9223,ändra radio till hundrasju punkt fem,,,,,
11297,en son yoga videoları podcastini aç,,,,,
10959,voeg by my kruideniersware,,,,,
4740,abbassa le luci in soggiorno,,,,,
4954,guarda os teus cenários no teu p. c. e transfere os de volta por wi fi,,,,,
13570,vad betyder skämt,,,,,
5616,atur zona waktu ke g. m. t.,,,,,
11584,kapan konser blues yang selanjutnya di bandung,,,,,
4485,come sarà il tempo questa settimana,,,,,
11297,play a podcast about latest yoga videos,,,,,
13992,il suo nuovo premio,,,,,
9021,atur pengingat rapat kantor untuk tiga hari kedepan,,,,,
6318,pensi che oggi sarà bello fuori,,,,,
10101,how do you cook steak,,,,,
5791,hora do relógio,,,,,
1856,yükselt,,,,,
16152,algum novo email de joel,,,,,
1716,puoi parlare più piano,,,,,
520,que hora es ahora mismo,,,,,
11836,hay algún centro comercial cerca,,,,,
9843,hervat asseblief die huidige lied van dozi,,,,,
7764,maaari mo bang linawin ang aking kalendaryo para sa lahat ng mga kaganapan,,,,,
16347,kayınvalideme rezervasyonları cumadan önce ayırması için mesaj at yoksa süresi dolacak,,,,,
7212,bir sonraki iş toplantımdan bir saat önce bana hatırlat,,,,,
2977,cambia tus colores en algo diferente,,,,,
7764,kan du rensa min kalender på alla händelser tack,,,,,
7056,voeg by kalender 'n vergadering met karin maandag tien v. m.,,,,,
8252,atur timer pada pukul lima pagi tujuh hari seminggu,,,,,
9843,s'il vous plaît met la chanson courante de masti,,,,,
10727,quelle liste ai- je,,,,,
7510,hapus acara,,,,,
9223,buksan ang radyo sa siyamnapu't walo punto pito,,,,,
7212,ricordami un' ora prima della mia riunione di lavoro,,,,,
7320,watter gebeure is daar tussen twee vier n. m. vandag,,,,,
8595,habe ich zeit für einen arzttermin am dienstag früh zur verfügung,,,,,
5059,dime cuando haya nuevas noticias sobre donald trump,,,,,
11584,istanbulda gelecek blues konseri ne zaman,,,,,
3858,may niyebe ba sa martes,,,,,
12820,affiche le trafic,,,,,
4954,ändra lampans färg,,,,,
6149,i want to hear music by a band from my playlist,,,,,
2940,putar playlist ada apa dengan cinta di aplikasi spotify,,,,,
16152,gibt es neue mails von johannes,,,,,
13170,cuál es la población por milla en asia,,,,,
10556,apa daftar saya,,,,,
520,jam berapa sekarang,,,,,
5547,yeni işi için emreye iyi şanslar,,,,,
3024,sätt på uttaget,,,,,
7320,anong mga pangyayari ang nangyayari sa pagitan ng dalawa at apat n. h. ngayon,,,,,
8595,heb ik tijd vrij voor een doktersafspraak voor dinsdag ochtend,,,,,
8008,wann ist mein zahnarzttermin am montag,,,,,
3257,olly gibt es irgendwelche neue nachrichten über brad pitt,,,,,
16683,qual è l' indirizzo di casa di giovanni,,,,,
9843,tolong lanjutkan lagu sekarang oleh masti,,,,,
2940,play my shazaam playlist on the spotify app,,,,,
876,speel spoegwolf lenie blou,,,,,
13834,berapa nilai ringgit dibanding rupiah,,,,,
9021,maak een office meeting herinnering aan voor de komende drie dagen,,,,,
14494,qual é o valor das ações da i. b. m.,,,,,
118,tell me the artist of this song,,,,,
16683,wat is karin se huis adres,,,,,
1977,alsjeblief verwijderd de wekker dat ik vandaag in de ochtend heb ingesteld,,,,,
11836,may mga sentro ng pamilihan ba sa malapit,,,,,
5547,fai gli auguri a marco per il nuovo lavoro,,,,,
12794,siri find train tickets to nc,,,,,
13314,dependendo do papel que vais desempenhar isso irá afetar a tua resposta,,,,,
6318,bugün dışarıda hava güzel olacak mı sence,,,,,
3257,olly enig nieuws over brad pitt,,,,,
10556,wat is my lys,,,,,
4954,bilgisayarındaki senaryoları hotspot ile geri aktar,,,,,
13314,bunun için gideceğiniz role bağlı olarak cevabınızı etkileyecektir,,,,,
13570,what does joke mean,,,,,
11002,controlla la mia lista delle cose da fare,,,,,
690,ini terlalu kencang tolong turunkan volume,,,,,
11584,när är nästa blueskonsert i alingsås,,,,,
3257,olly alguna noticia nueva sobre alejandro,,,,,
13170,ano ang populasyon kada milya sa asya,,,,,
4740,draai af die ligte in die sitkamer,,,,,
10556,o que é a minha lista,,,,,
14373,de que color es una pelota de baloncesto,,,,,
6092,wird es in berlin während des wochenendes bewölkt sein,,,,,
12794,siri trouve des billets de train pour rosanne,,,,,
1977,bitte lösche den wecker den ich für heute früh gestellt habe,,,,,
11002,cek daftar yang harus dikerjakan saya,,,,,
10959,ajouter à mes épiceries,,,,,
16604,enviar correo a la hija,,,,,
2707,harder asseblief,,,,,
16912,nakatanggap ba ako ng mga email mula sa taong ito,,,,,
9843,hervat alsjeblieft het huidege liedje van masti,,,,,
11297,reproducir un podcast sobre los últimos vídeos de yoga,,,,,
16683,welche ist johannes' wohn anschrift,,,,,
14089,halaga ng stock ng facebook,,,,,
3560,por favor baja el sonido,,,,,
3560,riduci il suono per favore,,,,,
15859,inoltra il contenuto mostrato a blabla chiocciola bla punto it per email,,,,,
9133,programma una riunione martedì,,,,,
6830,lösche alle termine für nächste woche,,,,,
14494,quelle est la valeur des actions d'i. b. m.,,,,,
5791,waktu jam,,,,,
7764,kun je alle evenementen uit mijn agenda verwijderen alsjeblieft,,,,,
6318,dink jy vandag gaan lekker wees buite,,,,,
876,iplay ang two one four ng rivermaya,,,,,
14197,ano ang kasalukuyang halaga ng palitan sa pagitan ng dolyar at piso,,,,,
520,hoe laat is het nu,,,,,
2332,está lloviendo ahora mismo,,,,,
13570,apa artinya lelucon,,,,,
6318,sa tingin mo ba magiging maganda ang araw na ito,,,,,
7320,que eventos hay entre las dos y cuatro de la tarde hoy,,,,,
16912,het ek e-posse ontvang van hierdie persoon af,,,,,
14839,berapa nilai tukar dolar amerika ke rupiah,,,,,
8070,herinner mij om sarah te ontmoeten bij safeway in mckinleyville california rond de middag,,,,,
13570,que veut dire plaisanterie,,,,,
2247,va a estar lluvioso o hará frío el miércoles,,,,,
3597,ek will slaap,,,,,
5885,erhöhe die licht intensität,,,,,
5547,warme wensen aan jeffrey voor nieuwe baan,,,,,
5547,varma önskningar till micke och hans nya jobb,,,,,
8595,eu tenho alguma hora livre para uma consulta médica na quinta feira de manhã,,,,,
16604,kızıma email gönder,,,,,
9021,définir un rappel de réunion de bureau pour les trois prochains jours,,,,,
16860,ich habe konrad vor einer woche gemailt bitte erinner mich was ich geschrieben habe,,,,,
7510,effacer l'événement,,,,,
5059,säg till när det finns nyheter om magdalena andersson,,,,,
11002,suriin ang aking gagawin na listahan,,,,,
6149,quero ouvir uma música de uma banda da minha playlist,,,,,
13570,wat beteken grap,,,,,
16340,en son epostalarımı görmeme izin ver,,,,,
16912,apakah saya menerima email dari orang ini,,,,,
1977,apagar o alarme que eu defini para hoje de manhã,,,,,
9133,iskedyul ng pagpupulong sa martes,,,,,
11297,spela en podcast om senaste yoga videorna,,,,,
16860,j'ai envoyé un e-mail à conrad il y a une semaine s'il vous plaît rappelez-moi ce que j'ai écrit,,,,,
2944,alexa patayin ang lampara sa sala,,,,,
118,berätta artisten som gjort den här låten,,,,,
1654,how cold will it be next tuesday,,,,,
5791,heure de l'horloge,,,,,
2833,démarre l'aspirateur à neuf heures du matin,,,,,
10727,ano ang mga listahan meron ako,,,,,
16340,laat me mijn meest recente e-mails zien,,,,,
13992,ang kanyang bagong parangal,,,,,
13381,gebruik dit woord in een zin,,,,,
13992,son nouveau prix,,,,,
16604,manda email a figlia,,,,,
4485,bagaimana cuaca minggu ini,,,,,
12820,visa trafik,,,,,
6318,achas que hoje vai estar bom lá fora,,,,,
10727,qué lista tengo,,,,,
3560,verminder asseblief die klank,,,,,
7510,limpar evento,,,,,
11836,y a t il des centres commerciaux à proximité,,,,,
5059,vertel me wanneer er nieuw nieuws is over donald trump,,,,,
6149,gusto kong makarinig ng musika ng isang banda mula sa aking playlist,,,,,
6196,dime un trivia al azar,,,,,
13006,como crees que me veo,,,,,
10670,rimuovi la lista di persone che iniziano dalla lettera media nella mia lista contatti,,,,,
14089,tasa de acciones de facebook,,,,,
16683,ano ang tirahan ni joe joe,,,,,
11002,check out my to do list,,,,,
11836,zijn er winkelcentrums vlakbij,,,,,
10101,paano magluto ng adobo,,,,,
8871,tanggalin ang ika dalawamput apat na pagpupulong ng marso sa iskedyul,,,,,
8008,vilken tid är min tandläkartid på måndag,,,,,
12845,réserver un taxi le soir pour moi,,,,,
16358,read the email sent by this contact,,,,,
11660,fournissez-moi la liste des bons restaurants dans un,,,,,
16347,enviar uma mensagem à minha sogra para fazer as reservas antes de sexta-feira senão esgotam,,,,,
12845,bespreek ŉ taxi in die vanaand vir my,,,,,
15770,har universitetet i lund mejlat mig,,,,,
16912,habe ich emails von dieser person erhalten,,,,,
2833,start the vacuum at nine am,,,,,
15770,apa universitas brawijaya udah kirim email ke aku,,,,,
13381,gunakan kata ini dalam satu kalimat,,,,,
10504,qué listas tengo,,,,,
6830,ilibre mo ang aking iskedyul para sa susunod na linggo,,,,,
9843,mangyaring ipagpatuloy ang kasalukuyang kanta ng masti,,,,,
16164,was daar enige e-pos oor die verkeerde bespreking in sia,,,,,
16164,ankaradaki yanlış rezervasyon ile ilgili herhangi bir email var mıydı,,,,,
1977,por favor borrar la alarma que tenía activada yo para hoy por la mañana,,,,,
5616,imposta fuso orario su g. m. t.,,,,,
4468,adia o meu alarme por quinze minutos,,,,,
11786,hari latihan,,,,,
14494,berapa harga saham axioo,,,,,
7056,preciso de agendar uma reunião com a allison para segunda-feira às dez horas da manhã,,,,,
13314,depende sa papel na pupuntahan mo ay makakaapekto ito sa iyong sagot,,,,,
8252,stel 'n tydhouer vir vyfuur v. m. sewe dae 'n week,,,,,
6196,diz-me uma curiosidade aleatória,,,,,
13314,depending on the role you are going for this will affect your answer,,,,,
12845,akşam için bana taksi ayırt,,,,,
1654,wie kalt wird es am dienstag sein,,,,,
5547,warme grüße an mac für den neuen job,,,,,
6830,maak my skedule vry vir die volgende week,,,,,
16910,i want to and my email address,,,,,
5059,vertel vir my wanneer daar nuwe nuus oor jacob zuma is,,,,,
14494,qual è il valore delle azioni generali,,,,,
10504,wat voor lijsten heb ik om te doen,,,,,
2944,alexa zet de lamp in de woonkamer uit,,,,,
6309,akşam beşten sonra hiç çağrı almak istemiyorum,,,,,
16340,lass mich mein bestes sehen jüngste emails,,,,,
7056,aggiungi al calendario un incontro con annalisa lunedì alle dieci di mattina,,,,,
15859,stuur aan gewysde inhoud na blahblah at blah dot com,,,,,
8252,define alarme para as cinco da manhã sete dias por semana,,,,,
1847,bestel vir my 'n kaas burger van big als,,,,,
16683,dimana alamat rumah joko,,,,,
1654,combien de froid fera-t-il mardi prochain,,,,,
2940,i-play ang aking shazaam playlist sa spotify app,,,,,
6196,vertel me een willekeurige trivia,,,,,
13570,wat betekent grap,,,,,
1716,kannst du etwas softe rreden,,,,,
3560,pakibawasan ang tunog,,,,,
7510,etkinliği sil,,,,,
5616,set the time zone to g. m. t.,,,,,
13381,gamitin ang salitang ito sa pangungusap,,,,,
8252,stelle für sieben tage die woche einen wecker auf fünf uhr für,,,,,
4740,skruva ner ljuset i vardagsrummet,,,,,
16347,stuur my skoonma 'n boodskap om die besprekings te bevestig voor vrydag anders gaan dit verval,,,,,
1847,pesankan saya burger keju dari flip burger,,,,,
11660,bríndame la lista de excelentes restaurantes en un,,,,,
1847,order mo ako ng cheese burger sa burger king,,,,,
6149,jag vill lyssna på musik av ett band från min spellista,,,,,
5059,joe biden hakkında yeni haber olduğunda bana söyle,,,,,
2332,is it raining right now,,,,,
1067,paano buhayin ang robot panlinis na humihigop ng dumi,,,,,
7320,what events are happening between two four p. m. today,,,,,
10556,cosa c'è nella mia lista,,,,,
5885,pataasin ang lakas ang ilaw,,,,,
9413,puedes poner en el próximo programa de radio alex fernández,,,,,
2247,ainda vai estar chuvoso e frio na quarta feira,,,,,
1856,op,,,,,
10504,ano ang mga listahan na meron ako,,,,,
10670,hapus daftar orang mulai dari perantara surat di daftar kontak saya,,,,,
3858,salı kar olacak mı,,,,,
16358,leggi l' email inviata da questo contatto,,,,,
2977,wechsel irgendetwas bei den farben,,,,,
9413,kan jy volgende lm radio aansit,,,,,
10959,füge zu meinen lebensmitteln hinzu,,,,,
10101,hoe kook jy 'n biefstuk,,,,,
12794,siri vind trein kaartjies na durban,,,,,
11660,förse mig med listan över utmärkta restauranger i en,,,,,
14839,qual è il tasso di cambio tra dollaro statunitense e dollaro canadese,,,,,
10959,lägg till bland mina livsmedel,,,,,
3560,please reduce the sound,,,,,
4954,your scenarios on your p. c. and transfer them back to the via the hot,,,,,
1067,comment activer l' aspirateur robot,,,,,
4485,como vai estar o tempo esta semana,,,,,
15719,stuur asseblief 'n tweet aan steers oor nie 'n skoon toilet nie,,,,,
16860,envié un correo electrónico a claudio la semana pasada por favor acuérdame que es lo que escribí,,,,,
690,es demasiado fuerte disminuir el volumen,,,,,
3597,voglio dormire,,,,,
16347,manda un mensaje a mi suegra para que haga las reservas antes del viernes o caducarán,,,,,
2944,alexa desliga o candeeiro da sala de estar,,,,,
2944,alexa skakel die lamp in die sitkamer af,,,,,
3125,ano ang pinakabago sa pagbabawal sa paglalakbay ni duterte,,,,,
7212,påminn mig en timme före mitt nästa arbetsmöte,,,,,
16683,vad är johan larssons hemadress,,,,,
16860,enviei um email ao carlos há uma semana lembra-me do que escrevi,,,,,
12845,pide un taxi por la tarde para mi,,,,,
4468,stel mijn wekker uit met vijftien minuten,,,,,
16910,jag vill lägga till min emejl,,,,,
13992,han nya pris,,,,,
12820,ipakita ang trapiko,,,,,
14366,será bom comprar hoje acções da nike,,,,,
5791,clock time,,,,,
14839,wie ist der wechselkurs von u. s. d. zu c. d. n.,,,,,
12845,buch für mich ein taxi am abend,,,,,
14366,sera-t-il bon d'acheter des actions nike aujourd'hui,,,,,
14089,aandelenkoers facebook,,,,,
16358,baca email yang dikirim oleh kontak ini,,,,,
16860,i emailed conrad a week ago please remind me what i wrote,,,,,
3560,bitte reduziere den sound,,,,,
14089,aktiekurs för facebook,,,,,
11297,trova un podcast di video yoga,,,,,
14089,aandeel prys van facebook,,,,,
14373,di che colore è una palla da basket,,,,,
6092,hafta sonu boyunca istanbul da hava bulutlu mu olacak,,,,,
12845,boek een taxi voor de avond voor mij,,,,,
16152,anumang bagong mail mula kay jack,,,,,
15357,mag-tweet sa apple na hindi gumagana ang iphone,,,,,
16340,dejáme ver mis más recientes correos electrónicos,,,,,
2944,alexa ausschalten der lampe im wohnzimmer,,,,,
11002,kyk na my te doen lys,,,,,
11660,bigyan mo ako ng listahan ng magagandang mga restawran sa,,,,,
14839,tl karşısında abd doları nın döviz takas oranı nedir,,,,,
14839,o que é a taxa de câmbio do dólar americano para o dólar canadiano,,,,,
2833,nyalakan penyedot debu di jam sembilan pagi,,,,,
15719,por favor enviar tweet para pingo doce sobre não ter uma casa de banho limpa,,,,,
6374,wat is 'n goeie amapiano album in hierdie jaar,,,,,
1847,bestell mir einen cheeseburger von tommy's burgers,,,,,
11786,trainingstag,,,,,
7320,vilka event sker mellan två och fyra idag,,,,,
5547,salam hangat pada mac untuk pekerjaan baru,,,,,
11002,benim yapılacaklar listemi kontrol et,,,,,
13834,wat is een forint waard in vergelijking met een euro,,,,,
3024,turn on plug,,,,,
16910,je veux ajouter mon adresse e-mail,,,,,
2977,mudar as cores para algo diferente,,,,,
16347,invia un messaggio a mia suocera per dirle di effettuare le prenotazioni prima di venerdì altrimenti scadranno,,,,,
5059,tell me when there is new news about donald trump,,,,,
2332,sta piovendo adesso,,,,,
5791,saat zamanı,,,,,
13006,à quoi pensez-vous que je ressemble,,,,,
10727,watter lys het ek,,,,,
13570,şaka ne demek,,,,,
7320,acara apa yang terjadi antara jam dua dan jam empat sore hari ini,,,,,
1856,omhoog,,,,,
6196,tell me a random trivia,,,,,
9133,boka möte på tisdag,,,,,
3125,was ist das neueste an trumps reisesperre,,,,,
9413,kan du sätta på nästa på n. r. j.,,,,,
2977,changer vos couleurs pour quelque chose de différent,,,,,
6309,aku gak mau terima telepon lagi setelah jam lima sore,,,,,
13992,onun yeni ödülü,,,,,
1847,pídeme una hamburguesa de queso del mcdonalds,,,,,
16340,ver os meus emails mais recentes,,,,,
9223,zet de radio op acht en negentig punt zeven,,,,,
11002,echa un vistazo a mi lista de cosas por hacer,,,,,
9843,lütfen mustafa sandalın şarkısına kaldığın yerden devam et,,,,,
3257,olly brad pitt hakkındaki herhangi bir yeni haber,,,,,
876,metti laura pausini per me,,,,,
9223,putar radio ke saluran sembilan puluh delapan koma tujuh,,,,,
2940,splea andreas johnson spellista på spotify,,,,,
10328,fais un tournoi avec moi sur candy crush,,,,,
3597,ik wil gaan slapen,,,,,
14089,aktienkurs von facebook,,,,,
10959,juntar às minhas mercearias,,,,,
16152,apa ada email baru dari jack,,,,,
16910,ik wil mijn email adres toevoegen,,,,,
6309,non voglio ricevere chiamate dopo le cinque di pomeriggio,,,,,
2833,begin die stofsuier op nege v. m.,,,,,
1977,veuillez retirer l'alarme que j'ai réglée pour aujourd'hui matin,,,,,
690,dis te hard draai die volume sagter,,,,,
2247,kommer det fortfarande att vara regnigt och kallt på onsdag,,,,,
520,what time is it right now,,,,,
6092,va a estar nublado en lugo durante el fin de semana,,,,,
5059,avvisami quando ci sono nuove notizie su salvini,,,,,
11786,jour d'entrainement,,,,,
4485,hur kommer vädret att vara den här veckan,,,,,
2940,põe a minha shazaam playlist no spotify,,,,,
10504,watter lyste het ek,,,,,
16604,enviar email para filha,,,,,
4468,pospón mi alarma quince minutos,,,,,
8070,ricordami di incontrare sara all'auchan di reggio calabria a mezzogiorno,,,,,
2707,luider alstublieft,,,,,
16912,fick jag mejl från denna personen,,,,,
2707,más alta por favor,,,,,
16164,var det några email om felbokningen i sia,,,,,
15859,ipasa ang ipinakitang nilalaman sa blahblah at blah dot com gamit ang email,,,,,
13834,what is a calone worth compared to a u. s. dollar,,,,,
13006,como achas que é o meu aspeto,,,,,
14366,bugün flo hisselerini almak iyi olur mu,,,,,
11584,kailan ang next blues concert sa liverpool,,,,,
6196,dit moi une anecdote au hasard,,,,,
118,dimmi l'artista di questa canzone,,,,,
13992,zijn nieuwe prijs,,,,,
5616,stel de tijdzone in op g. m. t.,,,,,
3125,wat is die nuutste op trump se reis verbod,,,,,
1654,cuánto frío hará el próximo martes,,,,,
1856,pataas,,,,,
13992,penghargaan barunya,,,,,
1977,please remove the alarm which i set for today morning,,,,,
6149,ik wil muziek horen van een band van mijn afspeellijst,,,,,
3024,enciende el enchufe,,,,,
14839,cuál es el tipo de cambio de usd a cdn,,,,,
4740,drehe die beleuchtung im wohnzimmer runter,,,,,
6309,ayoko nang tumanggap pa ng mga tawag pagkatapos ng alas singko n. h.,,,,,
10504,benim ne listelerim var,,,,,
5885,verhoog lig intensiteit,,,,,
10504,vilka listor har jag,,,,,
10328,do a tournament with me in candy crush,,,,,
4468,tunda alarm saya selama lima belas menit,,,,,
1654,hoe koud wordt het komende dinsdag,,,,,
2707,louder please,,,,,
9021,imposta un promemoria per una riunione d'ufficio per i prossimi tre giorni,,,,,
2332,şu anda yağmur yağıyor mu,,,,,
876,mets jacques brel ne me quitte pas,,,,,
1067,wie aktiviert man den saugroboter,,,,,
4485,quel temps fera-t-il cette semaine,,,,,
3597,jag vill sova,,,,,
9021,magtakda ng paalala sa pagpupulong sa opisina para sa susunod na tatlong araw,,,,,
11660,geef me de lijst met geweldige restaurants in a,,,,,
11584,cuándo es el próximo concierto de blues en liverpool,,,,,
10101,wie macht man steak,,,,,
7212,tolong ingatkan aku untuk jam sebelum rapat kerja saya berikutnya,,,,,
12845,book a cab in the evening for me,,,,,
10670,remover a lista de pessoas começando com letras médias na minha lista de contactos,,,,,
7764,puedes eliminar todos los eventos de mi calendario,,,,,
2707,più forte per favore,,,,,
9133,programar reunión el martes,,,,,
1654,önümüzdeki salı ne kadar soğuk olacak,,,,,
6196,säg en slumpmässig trivia,,,,,
16347,nachricht an meine stiefmutter um die reservierungen vor freitag zu buchen sonst verfallen sie,,,,,
16910,e-posta adresimi eklemek istiyorum,,,,,
2247,gaan dit steeds reënerig en koud wees woensdag,,,,,
13992,su nuevo premio,,,,,
8008,a que horas es mi cita con el dentista el lunes,,,,,
2977,ändra dina färger till något annant,,,,,
14839,quel est le taux de change de dollar américain au dollar canadien,,,,,
6318,do you think today will be nice out,,,,,
16164,was there any email regarding the wrong booking in sia,,,,,
11002,controleer mijn nog te doen lijst,,,,,
15859,gösterilen içeriği e-posta ile blahblah at blah nokta com adresine iletin,,,,,
16152,jack'ten herhangi bir yeni posta,,,,,
12794,siri carikan tiket kereta tujuan jakarta,,,,,
2247,wird es am mittwoch noch immer regnerisch und kalt sein,,,,,
7764,por favor pode limpar todos os eventos do meu calendário,,,,,
5547,hartlike wense aan mark vir die nuwe werk,,,,,
13006,hoe denk je dat ik eruit zie,,,,,
6196,sabihin sa akin ang isang random na trivia,,,,,
2833,elektrik süpürgesini sabah dokuzda çalıştır,,,,,
3597,je veux dormir,,,,,
1654,quanto farà freddo martedì prossimo,,,,,
11584,when is the next blues concert in liverpool,,,,,
6196,dimmi un fatto random,,,,,
648,podes dizer-me quais os alarmes que tenho definido,,,,,
8008,hoe laat is my tandarts afspraak maandag,,,,,
2707,mas malakas pakiusap,,,,,
14197,berapa nilai tukar antara dolar dan ringgit saat ini,,,,,
520,şu an saat kaç,,,,,
13381,bu kelimeyi cümle içinde kullan,,,,,
10670,die liste der personen mit dem anfangsbuchstaben mittel in meiner kontaktliste entfernen,,,,,
3858,va a caer nieve el martes,,,,,
1847,bana burger kingden bir çiz burger sipariş et,,,,,
10727,daftar apa yang saya punya,,,,,
11836,há centros comerciais aqui perto,,,,,
13006,what do you think i look like,,,,,
6318,apakah anda pikir hari ini cuacanya akan baik,,,,,
7510,rensa event,,,,,
11836,adakah pusat perbelanjaan di dekat sini,,,,,
4792,de datum van vandaag alsjeblieft,,,,,
8595,ho del tempo disponibile per un appuntamento dal dottore martedì mattina,,,,,
5885,ışık yoğunluğunu artır,,,,,
520,vad är klockan just nu,,,,,
