id,text,a0,a1,a2,a3
4151,que dia é hoje,,,,
1574,elektrik süpürgesini etkinleştir,,,,
4420,encontra algum rock,,,,
14978,taxa do dólar para o peso filipino,,,,
4420,finde etwas rock,,,,
8223,add my mom to calendar for monday brunch,,,,
3977,nyalakan alarm pukul delapan pagi,,,,
8297,quando é o próximo jogo do benfica,,,,
10334,jogue poker comigo,,,,
15308,ek het gehoor anna is pas getroud kan jy asseblief vir my die trou foto's op hul instagram wys,,,,
7338,hur många saker har jag planerade ikväll,,,,
8118,lembrar me que tenho uma reunião amanhã às três da tarde,,,,
12295,how long does it take the train to get from here and the met,,,,
8179,kan du radera alla mina tidsbokningar i kalendern,,,,
10334,spiele poker mit mir,,,,
8864,bugün adana şehir tiyatrosunda veba saat kaçta,,,,
5504,será que eu pus o alarme de casa,,,,
6919,poner una notificación el cinco de marzo que tengo una cita con el médico a las diez de la mañana,,,,
16736,ich möchte eine antwort senden,,,,
8901,por favor fija evento el lunes,,,,
15426,kollar alla på min facebooklista på matchen,,,,
5120,check if any alarm is there after five am,,,,
4151,welcher tag ist heute,,,,
9792,hervat die braaidag liedjies,,,,
5515,stoor hierdie liedjie,,,,
6700,nagpapasaya sa akin,,,,
2823,op welke dag valt pasen dit jaar,,,,
8864,jam berapa pertunjukan srimulat di panggung senayan hari ini,,,,
12021,säg mig närmaste matbutik från mitt hem tack,,,,
4158,hey siri have you heard any funny jokes lately,,,,
15830,kirim itu,,,,
10382,do you want to play monopoly with me,,,,
8179,poderia deletar todos meus compromissos do calendário,,,,
6126,moet ik een jas dragen,,,,
16994,el correo de cristina es sobre trabajo,,,,
8151,gelecek pazar için herhangi bir hatırlatıcım var mı,,,,
813,spela lady gaga och börja med poker face,,,,
4949,guarda esta música nos meus favoritos,,,,
4151,che giorno è oggi,,,,
356,bir sonraki alarmım hangisi,,,,
356,ano ang susunod kong alarm,,,,
10382,wil jij monopoly met mijn spelen,,,,
868,patayin ang wemo plug socket,,,,
5065,senaste nyheterna från västra frölunda,,,,
11268,vind 'n debat oor skole in suid-afrika,,,,
6326,saya butuh fokus yang lebih baik olly saya tidak dapat berkonsentrasi pada satu hal,,,,
9792,kahramanlık marşları na devam et,,,,
13654,apa gunung tertinggi di dunia,,,,
16737,algum email marcado como importante,,,,
16737,önemli olarak işaretlenmiş herhangi bir posta,,,,
4076,stäng av lamporna i mitt sovrum,,,,
1574,activeer de stofzuiger,,,,
8151,heb ik enige herineringrn voor aanstaande zondag,,,,
11854,quali eventi sono in programma oggi a napoli,,,,
813,toca rita guerra começando com chegar a ti,,,,
9337,avvia sirius dalla radio satellitare,,,,
15830,sende das,,,,
4184,que hora es en nueva york,,,,
8151,do i have any remainder next sunday,,,,
15434,ich möchte einen neuen twitterbeitrag als beschwerde an kaufland,,,,
7696,verwijder de geplande vergadering op vier oktober om twaalf uur,,,,
3688,mach das ein wenig lauter,,,,
12697,när anländer nästa tåg till södra station från centralstationen,,,,
12021,s'il vous plaît dites moi l' épicerie la plus proche de chez moi,,,,
16115,semua email yang diterima antara pukul sepuluh malam sampai sembilan pagi untuk dibalas,,,,
4252,should i carry an umbrella with me today,,,,
1358,mina favoriter musik,,,,
4717,set alarm for eight am tomorrow,,,,
356,what's my next alarm,,,,
10382,wil jy monopoly saam met my speel,,,,
9048,batalkan pertemuan medis akhir pekan ini,,,,
8901,bitte erstelle eine veranstaltung für montag,,,,
15308,i heard ale just got married can you please show me the wedding pictures on their instagram,,,,
10733,supprimer les travails de routine de ma liste de choses à faire,,,,
5504,har jag ställt in mitt hemlarm,,,,
356,qual è la mia prossima sveglia,,,,
11268,trova un dibattito sulle scuole in italia,,,,
16796,apa alamat amber stevens apa ada di kontakku,,,,
9805,patugtugin para sa akin ang kanta ni francis magalona mula sa spotify,,,,
16256,läs kontaktnumret för alex från telefonboken,,,,
3688,faz isto um pouco mais alto,,,,
4158,hola siri has escuchado alguna broma graciosa últimamente,,,,
6700,me remonter le moral,,,,
15579,salut quel genre de photos vous avez téléchargé sur pinterest,,,,
16824,ik heb een e-mail gekregen van sandra,,,,
10747,cancella quell' elemento dalla mia lista,,,,
17067,tumugon sa email na natanggap mula kay pedro,,,,
4076,yatak odamdaki ışıkları kapat,,,,
15522,rufe das kundenhandy über amail an,,,,
13180,fotosentez i açıkla,,,,
10733,verwyder take van my te doen lys,,,,
13034,quanto é vinte por cento de cento e cinquenta,,,,
9805,benim için sesli kitap tan bir michael jackson şarkısı çal,,,,
15308,ik hoorde dat bram net getrouwd is kun je me de trouwfoto's op hun instagram laten zien,,,,
15434,twitta un reclamo a esselunga,,,,
4151,que día es hoy,,,,
4276,bitte mache die lampe aus,,,,
5504,apakah saya sudah menyetel alarm rumah saya,,,,
14978,dollar rate zu philippinischem peso,,,,
16634,kolla om min mamma skickat mig några mejl,,,,
813,hande yener en sana kırmızı çok yakışıyor çal,,,,
9048,cancela os compromissos médicos esta semana,,,,
12697,wanneer arriveer die volgende trein by centurion stasie van hatfield stasie,,,,
15308,ouvi dizer que o toni carreira acabou de casar por favor pode mostrar me as fotografias do casamento no instagram deles,,,,
1574,nyalakan penyedot debu,,,,
9805,play for me michael jackson song from audiobook,,,,
12021,laat me weten wat de dichtstbijzijnde supermarkt van mijn huis is,,,,
11854,acara acara apa yang sedang berlangsung hari ini di depok,,,,
14234,cours entre ces devises,,,,
6270,demande moi des questions faciles à propos d'un sujet que je connais et dit moi quand je me trompe,,,,
9792,hervat de herdenkings liedjes,,,,
5353,ano ang oras sa pilipinas,,,,
5353,hoelaat is het in dubai,,,,
813,speel jan smit beginnend met mijn schatje,,,,
5065,jersey'den son haberler,,,,
5694,fai il caffè,,,,
16824,did i get an email from sarah,,,,
9805,joue pour moi la musique de michael jackson du livre audio,,,,
14234,koers tussen deze valuta's,,,,
16796,amber stevens in kişilerimdeki adresi ne,,,,
4717,imposta sveglia per le otto di domani mattina,,,,
16824,recibí un correo electrónico de sara,,,,
14554,gelisteter preis für die unternehmensaktie,,,,
12697,when is the next train arriving to union station from grand central station,,,,
4420,biraz rock çal,,,,
13504,was ist das gewicht eines elefanten,,,,
6700,rallegrami,,,,
16450,berapa nomor telepon teman saya jaka,,,,
4076,pihitin at patayin ang aking mga ilaw sa silid-tulugan,,,,
11015,coloca o artigo na lista,,,,
16370,maria ha risposto alla mia mail,,,,
5515,spara denna låt,,,,
16348,svara johans mejl idag och säg att jag kommer vara sen,,,,
11854,bugün sakaryada hangi etkinlikler devam ediyor,,,,
17155,contesta el email de antonio,,,,
16824,habe ich eine email von sarah erhalten,,,,
3688,maak dit 'n beitjie harder,,,,
6326,preciso de ter mais foco olly eu não me conseguiria concentrar em uma só tarefa,,,,
15426,is almal wat op my facebook lys is besig om die game te kyk,,,,
8901,please set event on monday,,,,
6326,daha iyi odaklanmam lazım olly tek bir göreve konsantre olamıyorum,,,,
7835,aggiungi un evento al mio programma,,,,
7696,tanggalin ang nakatakdang miting sa ika apat ng oktubre alas dose n. h.,,,,
8519,bu saatte hatırlat,,,,
14978,nilai rupiah dari ringgit,,,,
8297,när är nästa djurgårdsmatch,,,,
11268,debatte über schulen in der u. k.,,,,
6919,stel 'n herinnering vir die vyfde maart oor my dokter se afspraak tien v. m.,,,,
16415,soek in e-pos nuwe boodskappe vanaf,,,,
15830,onu gönder,,,,
16990,het ek enige e-posse vanaf karin kortje,,,,
4949,speichere dieses lied in meinen favoriten,,,,
8519,herinner me op dit moment,,,,
9574,jouer le nom d'un program radio,,,,
13034,vad är tjugo procent av etthundrafemtio,,,,
17155,répond à l' e-mail d' anthony,,,,
8864,hoe laat is die funksie van die verhoogstuk hester in die baxter teater vandag,,,,
868,apaga el enchufe wemo,,,,
13509,is het beter om te investeren of te sparen,,,,
4252,devo levar um guarda-chuva comigo hoje,,,,
12074,lijst lokale lopende tentoonstellingen,,,,
13397,how many bases has nick swisher stolen in his career,,,,
16415,buscar no email mensagens novas de,,,,
6919,set a notification for fifth march that i have a doctor's appointment at ten am,,,,
5504,heb ik mijn huis alarm ingesteld,,,,
15522,bel de klant mobiel via e-mail,,,,
4076,matikan lampu di kamar tidur saya,,,,
3877,wemo kragprop aan,,,,
7338,hoeveel dingen heb ik voor vanavond gepland,,,,
5504,ai-je réglé l'alarme de ma maison,,,,
8297,wanneer is die volgende ellispark leeus wedstryd,,,,
16450,vad är min vän jonas telefonnummer,,,,
16115,akşam on ile sabah dokuz arasında alınan tüm maillere cevap verilecek,,,,
12295,wie lange braucht der zug von hier bis zur oper,,,,
16348,balas ke surat elektronik yoyo hari ini dan katakan saya akan terlambat,,,,
6270,ask me easy questions about a subject i know and tell me when i'm wrong,,,,
16256,lis les numéro de téléphone d alex dans mes contacts,,,,
13397,wie viele bases hat nick swisher in seiner karriere gestohlen,,,,
4252,dois-je emporter un parapluie avec moi aujourd'hui,,,,
16415,paghahanap ng email ng mga bagong mensahe mula sa,,,,
6231,que pouvez-vous faire,,,,
5515,speichere dieses lied,,,,
16256,leggi il numero del contatto alex dalla mia rubrica,,,,
11015,ilagay ang bagay sa listahan,,,,
2823,auf welchen tag fällt ostern dieses jahr,,,,
16348,reply to john's email today saying i will be late,,,,
6126,sollte ich heute eine jacke tragen,,,,
1358,bersiaplah butuh trek musik saya,,,,
10733,eliminar tarea de casa de mi lista de tareas pendientes,,,,
8118,bana yarın saat öğleden sonra üçteki toplantıyı hatırlat,,,,
8901,s'il vous plaît définir événement le lundi,,,,
15308,he oído que mario se acaba de casar puedes enseñarme las fotos de la boda en su instagram,,,,
16115,all emails received between ten p. m. to nine am is to be replied to,,,,
15830,envoie ça,,,,
8864,a che ora è il castello magico al teatro piccolo oggi,,,,
17155,orçun'un e-postasını yanıtla,,,,
6231,wat kan je doen,,,,
5065,pinakabagong balita mula sa benguet,,,,
16990,ho qualche email da mario rossi,,,,
7835,please add an event to my schedule,,,,
4949,sla dit liedje op in mijn favorieten,,,,
15579,hej vilka bilder har du laddat upp på pinterest,,,,
4076,éteindre les lumières dans ma chambre,,,,
14234,nilai tukar antara mata uang ini,,,,
5897,hur många dagar tills tjugofemte maj,,,,
4158,hey siri hast du vor kurzem irgendwelche neue witzige witze gehört,,,,
6126,necesito usar abrigo,,,,
2823,anong araw ang pasko ng pagkabuhay sa taong ito,,,,
5515,simpan lagu ini,,,,
3688,bunu biraz daha yüksek sesli yap,,,,
7338,how many things do i have planned tonight,,,,
9261,voglio ascoltare la radio,,,,
8901,maak een evenement voor maandag aan alsjeblieft,,,,
11015,pon el elemento en la lista,,,,
14099,apa akibatnya jika saya makan junk food dan alkohol,,,,
5897,ilang araw na lang hanggang sa ikadalawamput lima ng mayo,,,,
16736,je voudrais envoyer une réponse,,,,
15426,tutti quelli sulla mia lista facebook stanno guardando la partita,,,,
17067,responde ao email recebido do pedro,,,,
15426,lahat ba ng nasa facebook list ko ay nanonood ng laro,,,,
13809,ilang taon si ogie alcasid,,,,
12734,gee my asseblief aanwysings na 'n park naby my,,,,
6270,vra my maklike vrae oor 'n onderwerp wat ek ken en se vir my wanneer ek verkeerd is,,,,
868,wemo uttag av,,,,
5515,sauvegarde cette chanson,,,,
13809,hur gammal är mikael persbrant,,,,
8901,lütfen etkinliği pazartesiye ayarla,,,,
9261,i want to hear the radio,,,,
7696,elimina la reunión programada para el cuatro de octubre a las doce,,,,
13949,siapakah aktris paling populer di amerika,,,,
1574,aziona l' aspirapolvere,,,,
14978,tipo de cambio del dólar de filipinas peso,,,,
12074,lys plaaslike deurlopende uitstallings,,,,
8223,voeg my ma by vir laat ontbyt maandag,,,,
15434,groseriye bir şikayet tweeti atmak istiyorum,,,,
6231,que puedo hacer,,,,
16415,correo electrónico búsqueda nuevos mensajes de,,,,
15308,aliye'nin yeni evlendiğini duydum lütfen bana düğün fotoğraflarını instagram'larında gösterir misin,,,,
11854,watter gebeure is aan die gang vandag in parklands,,,,
3977,väck mig vid åtta noll noll,,,,
15426,facebook listemdeki herkes oyunu izliyor mu,,,,
356,cuál es mi próxima alarma,,,,
13504,what is the weight of an elephant,,,,
4151,bugün hangi gün,,,,
8118,herinner mij er aan dat ik een vergadering heb om drie uur morgenmiddag,,,,
5905,putar musik instrumental lembut,,,,
4252,kukuha ba ako ng payong ngayon,,,,
4252,devo prendere un ombrello oggi,,,,
17067,beantwoord de email ontvangen van peter,,,,
5504,ho impostato l' allarme di casa,,,,
16415,email suche nach neuen nachrichten von,,,,
4717,atur alarm untuk jam delapan pagi besok,,,,
5905,play soft instrumental songs,,,,
13034,quant'è il venti percento di centocinquanta,,,,
5905,speel softe instrumentale liedjes,,,,
15426,kijkt iedereen op mijn facebook lijst naar de game,,,,
9337,speel sirius op satelliet radio,,,,
4420,trouve du rock,,,,
10733,verwijder de klusjes van mijn te doen lijst,,,,
5353,jam berapa di depok,,,,
7338,wie viele sachen habe ich für heute abend geplant,,,,
8297,quando è la prossima partita del napoli,,,,
12734,por favor dame direcciones a un parque que este cerca de mi,,,,
6700,muntere mich auf,,,,
5353,dubai'de saat kaç,,,,
12021,por favor diz me qual é a loja de conveniência mais próxima da minha casa,,,,
14234,tasa entre estas monedas,,,,
13180,verduidelik fotosintese,,,,
16450,what's my friend joe's phone number,,,,
7835,lägg till ett evenemang på mitt schema tack,,,,
12074,liste laufende lokale ausstellungen auf,,,,
8223,lägg till min mamma i kalendern måndag brunch,,,,
16634,annemin hiç email gönderip göndermediğini kontrol et,,,,
6326,ich brauche einen besseren fokus olly ich kann mich auf nichts konzentrieren,,,,
12739,kan ik de richting krijgen naar de dichtstbijzijnde kroeg,,,,
13180,jelaskan fotosintesis,,,,
17155,tumugon sa email ni antonio,,,,
6126,palto giymeli miyim,,,,
8297,when is the next boston redso game,,,,
12074,devam eden yerel sergileri listele,,,,
7696,dört ekim öğlen on ikide planlanmış toplantıyı sil,,,,
11268,cari debat tentang sekolah di inggris,,,,
10382,benimle monopol oynamak ister misin,,,,
3977,alarm me at eight am,,,,
14099,what causes if i had junk food and alcohols,,,,
2823,watter dag val paasfees op die jaar,,,,
12074,lista de exposições locais em funcionamento,,,,
4420,hitta någon rock,,,,
14978,valore del dollaro verso euro,,,,
11885,wo sollte ich heute abend in berlin abendessen,,,,
11854,que eventos estão a acontecer hoje em coimbra,,,,
13809,berapa usia afgan,,,,
15830,envía eso,,,,
4884,cosa sta accadendo in giappone,,,,
16256,lese die kontaktnummer von alex vom telefonbuch,,,,
8179,tolong hapus semua janji temu saya di kalender,,,,
15579,hallo wat voor soort foto's heb je geüpload in pinterest,,,,
4276,veuillez éteindre la lampe,,,,
12074,enumerar exposiciones locales en curso,,,,
9792,återuppta minneslåtar,,,,
11268,find a debate about schools in u. k.,,,,
3877,wemo steckdose an,,,,
11885,saan ako pupunta para sa hapunan sa makati ngayong gabi,,,,
11015,aggiungi l'elemento alla lista,,,,
9792,resume the memorial songs,,,,
11268,hitta debatt om skolor i storbritannien,,,,
8519,ricordami in questo momento,,,,
12739,can i get the directions to the nearest bar,,,,
16348,antwort an john's email von heute sage ich werde verspätet sein,,,,
356,quel est ma prochaine alarme,,,,
5120,vérifier si une alarme est là après cinq heures du matin,,,,
14978,dollar rate of philippiness peso,,,,
16370,a maria já respondeu ao meu email,,,,
13509,is dit beter om te belê of te spaar,,,,
4252,sollte ich heute einen regenschirm mitnehmen,,,,
8118,ricordami che ho una riunione domani alle quindici,,,,
17067,antworte auf die email von peter,,,,
10334,spela poker med mig,,,,
12295,hoe lang doet de trein erover om van hier naar met te komen,,,,
7835,lütfen programıma bir etkinlik ekle,,,,
2823,em que dia calha a páscoa este ano,,,,
10747,vee daardie item van my lys,,,,
5897,hoeveel dae is dit tot vyf en twintig mei,,,,
12697,cuándo llega el próximo tren a union station desde grand central station,,,,
13034,wat is twintig persent van 'n honderd en vyftig,,,,
356,wat is mijn volgende wekker,,,,
6700,gör mig glad,,,,
14271,definir lo que es un mago,,,,
9643,spela radio med rockmusik,,,,
14554,ilista ang presyo ng stock para sa stock ng kumpanyang ito,,,,
16994,is the mail from chris about work,,,,
15830,stuur dat,,,,
4420,find some rock,,,,
16348,responde al correo electrónico de elisa hoy diciendo que llegaré tarde,,,,
16450,cual es el numero de teléfono de mi amigo juan,,,,
9048,annuleer doktersafspraken dit weekeinde,,,,
6326,olly jag måste koncentrera mig,,,,
9792,relance les chansons de rock,,,,
4076,apaga las luce de mi habitación,,,,
4158,hey siri son zamanlarda hiç komik bir fıkra duydun mu,,,,
9337,uydu radyosunda sirius çal,,,,
6326,ek moet beter fokus olly ek kon nie op 'n enkele taak konsentreer nie,,,,
16256,lees het contact nummer van alex uit het telefoonboek,,,,
10733,hapus tugas dari daftar yang harus dilakukan saya,,,,
12697,wann kommt der nächste zug für stadtmitte von hauptbahnhof an,,,,
9337,spiele sirius auf dem satellitenradio,,,,
4884,anong nangyayari sa pilipinas,,,,
13809,quanti anni ha antonello venditti,,,,
3688,buat ini sedikit lebih kencang,,,,
14234,bu para birimleri arasında çevir,,,,
15434,i want to tweet a complaint to target,,,,
5353,que horas são em portugal,,,,
5065,neuste nachrichten aus hamburg,,,,
5897,cuantos días hay hasta el veinticinco de mayo,,,,
6700,beur my op,,,,
1574,buksan ang vacuum,,,,
10382,ti andrebbe di giocare con me a monopoli,,,,
6270,stel me gemakkelijke vragen over een onderwerp dat ik ken en vertel me wanneer ik het mis heb,,,,
12734,mangyaring bigyan ako ng direksyon sa isang parke malapit sakin,,,,
12734,gib mir die wegbeschreibung zu einem park nahe mir,,,,
8151,har jag någon påminnelse nästa söndag,,,,
11268,encuentra un debate sobre los colegios en reino unido,,,,
3977,wecke mich um acht uhr,,,,
5120,tolong cek alarm lainnya yang ada setelah jam lima pagi,,,,
9261,je veux écouter la radio,,,,
4884,japonyada neler oluyor,,,,
13509,è meglio investire o risparmiare,,,,
9574,spiel namen des radioprogramms,,,,
4884,que se passe-t-il au japon,,,,
5897,quantos dias faltam até dia vinte e cinco de maio,,,,
12021,wys my die supermark naaste aan my huis,,,,
16994,la mail di giovanni riguarda il lavoro,,,,
4884,que esta pasando en españa,,,,
8179,kun je al mijn afspraken uit mijn agenda verwijderen,,,,
14271,definiëren wat een tovenaar is,,,,
14554,bu şirket hissesi için hisse senedi fiyatını listele,,,,
15308,saya dengar ale baru saja menikah bisakah kamu tampilkan foto pernikahan mereka di instagram,,,,
15522,chiama il cellulare servizio cliente tramite mail,,,,
868,wemo muurprop af,,,,
12295,hur lång tid tar det att ta tåget till nationalmuseet,,,,
4184,vad är klockan i new york just nu,,,,
13809,quantos anos tem david bowie,,,,
4252,moet ek vandag 'n sambreel by my dra,,,,
16256,basahin ang contact number ni alex mula sa phone book,,,,
15426,guckt jeder in meiner facebook liste das spiel an,,,,
5905,hafif enstrümental şarkılar çal,,,,
7338,hoeveel dinge het ek beplan vir vanaand,,,,
10334,juega póquer conmigo,,,,
12739,kan du ge mig vägbeskrivning till närmaste bar,,,,
13509,is it better to invest or save,,,,
868,spegni la presa intelligente,,,,
8179,takvimdeki tüm randevularımı silebilir misin,,,,
5897,combien de jours est-il jusqu'au vingt cinq mai,,,,
5120,kolla om några alarm är aktiva efter fem på morgonen,,,,
14099,was passiert wenn ich junk food und alkohol zu mir nehme,,,,
5353,quelle heure est-il à paris,,,,
9643,tolong mainkan radio dengan musik rock,,,,
5504,nagtakda ba ako ng hudyat sa bahay,,,,
10382,quieres jugar al monopoly conmigo,,,,
5353,welche uhrzeit ist es in köln,,,,
5065,últimas noticias de jersey,,,,
5897,hoeveel dagen is het tot vijfentwintig mei,,,,
16370,tumugon na ba si maria sa aking email,,,,
13034,was sind zwanzig prozent von einhundertfünfzig,,,,
16994,gaat de mail van chris over het werk,,,,
14099,vad händer om jag äter skräpmat,,,,
8151,tengo algo restante el domingo que viene,,,,
8519,erinnern mich an dieser zeit,,,,
13949,qui est l'actrice américaine la plus populaire,,,,
16994,ang sulat ba ay mula kay chris patungkol sa trabaho,,,,
6919,martın beşi öğleden önce on için bir doktor randevusu uyarısı oluştur,,,,
9792,continua a riprodurre canzoni di natale,,,,
16348,antwoord op johan se e-pos vandag wat sê ek sal laat wees,,,,
17155,svara melkers mejl,,,,
8297,kailan ang susunod na laro ng barangay ginebra,,,,
3977,i hudyat ako ng alas otso ng umaga,,,,
4076,turn the lights off in my bed room,,,,
11885,dónde debería cenar esta noche en madrid,,,,
5694,mach kaffee,,,,
16256,telefon rehberinden ahmet'in iletişim numarasını oku,,,,
4949,simpan lagu ini ke favorit saya,,,,
13809,hoe oud is david bowie,,,,
11854,welche veranstaltungen finden heute in augsburg statt,,,,
10334,gioca a poker con me,,,,
15308,j'ai entendu dire que ale venait de se marier pouvez-vous s'il vous plaît me montrer les photos du mariage sur leur instagram,,,,
14554,lista aktiekurs för detta företags aktie,,,,
16796,wat is karin swart se adres dit is in my kontakte,,,,
9643,metti una radio con musica rock,,,,
4949,bu şarkıyı favorilerime kaydet,,,,
16737,anumang mail na minarkahan bilang mahalaga,,,,
14271,définir ce qu'est un sorcier,,,,
4151,ano ang araw ngayon,,,,
4184,welche ist die gegenwärtige uhrzeit in berlin,,,,
9643,speel radio met rock musiek,,,,
3877,wemo plug socket on,,,,
4184,jam berapa saat ini di jakarta,,,,
16634,check to see if my mom sent me any emails,,,,
13504,ano ang bigat ng isang elepante,,,,
13654,qual è la montagna più alta del mondo,,,,
10747,effacer cet objet de ma liste,,,,
11885,waar kan ek gaan vir aandete vanaand in kaapstad,,,,
5515,guarda esta canción,,,,
4184,qual è l'ora attuale a milano,,,,
3688,palakasin ito ng kaunti,,,,
4151,wat is de dag vandaag,,,,
4717,stell einen wecker für morgen acht uhr,,,,
3844,bestel een pizza voor me,,,,
9805,toca a música de michael jackson do audiolivro,,,,
16796,wie lautet angelina sanders adresse ist sie in meinen kontakten,,,,
13809,cuantos años tiene raphael,,,,
16256,lees die kontaknommer van andre uit my foonboek,,,,
1358,metti un po' di musica leggera brano musicale,,,,
13654,what is the highest mountain in the world,,,,
12295,gaano katagal ang tren bago makarating dito at sa met,,,,
9643,jouer à la radio avec de la musique rock,,,,
16415,email recherche les nouveaux messages de,,,,
8151,quali promemoria per domenica prossima,,,,
10747,borra eso de mi lista,,,,
4184,what's the current time in new york,,,,
9337,toca sirius na rádio online,,,,
16115,bisogna rispondere a tutte le email ricevute tra le ventidue e le nove,,,,
16990,har jag några mejl från jenny svensson,,,,
15579,hi anong uri ng mga larawan ang na-upload mo sa pinterest,,,,
8223,voeg mijn moeder aan de agenda voor de brunch maandag,,,,
2823,bu yıl paskalya hangi güne denk geliyor,,,,
12739,maaari ko bang makuha ang mga direksyon sa pinakamalapit na inuman,,,,
9574,speel radio vijf drie acht,,,,
13397,ahmet dursun kariyerinde kaç gol attı,,,,
11015,sit die item op die lys,,,,
4717,stel alarm vir agtuur die oggend môre,,,,
5120,sabah beşten sonra herhangi bir alarm var mı kontrol et,,,,
16450,wat is boris zijn telefoonnummer,,,,
3877,stopcontact aan,,,,
10733,ta bort sysslor från min att göra lista,,,,
16256,baca nomor kontak oki dari buku telepon,,,,
6270,tanyakan aku pertanyaan gampang tentang topik yang aku tahu dan kasih tahu aku kalau aku salah,,,,
14554,list stock price for this company stock,,,,
6326,necesito centrarme mejor solo que no podia centrarme en una sola tarea,,,,
4717,itakda ang hudyat para sa alas otso ng umaga bukas,,,,
16737,elke e-mail gemarkeerd als belangrijk,,,,
13397,cuántas bases ha robado nick swisher en su carrera,,,,
868,desligar o dispositivo shelly,,,,
7835,voeg asseblief 'n gebeurtenis by my kalender,,,,
4949,salva questa canzone tra i miei preferiti,,,,
16115,todos os email recebidos entre dez da noite e nove da manhã devem ser respondidos também,,,,
4884,wat gebeurt er in japan,,,,
9643,magpatugtog ng radyo ng rock na musika,,,,
16796,qual è l'indirizzo di ambra rossi è tra i miei contatti,,,,
13397,ada berapa banyak basis yang telah dicuri nick swisher dalam karirnya,,,,
11885,bu akşam bodrumda akşam yemeği yemeye nereye gitmeliyim,,,,
11885,où dois-je aller diner à paris ce soir,,,,
12734,por favor me diga como chegar no parque mais próximo de mim,,,,
1358,j'ai besoin que tu me prépares de la musique,,,,
5065,dernières nouvelles de jersey,,,,
4158,hey siri het jy die afgelope tyd enige snaakse grappe gehoor,,,,
16370,het maria al my e-pos geantwoord,,,,
4717,sätt alarm för åtta noll noll imorgon,,,,
11885,kemana saya harus pergi untuk makan malam di depok malam ini,,,,
9261,ek wil die radio hoor,,,,
14234,kurs mellan dessa valutor,,,,
15579,hola qué tipos de fotos has subido a pinterest,,,,
8223,ajouter maman au calendrier pour le brunch du lundi,,,,
13654,vilket är det högsta berget i världen,,,,
5897,wie viel tage bis zum fünfundzwanzigsten mai,,,,
14554,dammi i prezzi delle azioni per quest'azienda,,,,
16450,was ist von meinem freund jan die telefonnummer,,,,
5515,guarda esta música,,,,
10334,benimle poker oyna,,,,
8519,ingatkan saya kali ini,,,,
8179,kan jy al my afsprake op die kalender skrap,,,,
1574,aktivera dammsugaren,,,,
4276,por favor apaga la lámpara,,,,
11015,mettre l'objet sur la liste,,,,
8297,quand aura lieu le prochain jeu des red sox de boston,,,,
4420,carikan beberapa musik rock,,,,
4076,die lichter in meinem schlafzimmer ausschalten,,,,
5694,faire du café,,,,
16256,read the contact number of alex from phone book,,,,
1574,activate the vacuum,,,,
15522,müşteri telefonunu email'den ara,,,,
11854,vilka evenemang pågår i borås idag,,,,
8179,kannst du alle termine aus meinem kalender löschen,,,,
7696,delete the scheduled meeting on fourth october twelve p. m.,,,,
12734,please give me directions to a park near me,,,,
6126,apakah saya perlu memakai mantel,,,,
6700,beni neşelendiriyor,,,,
813,riproduci lady gaga inizia con poker face,,,,
16256,ler número de contacto do alex na lista telefónica,,,,
16348,rispondi all' email di giovanni dicendo che sarò in ritardo oggi,,,,
8223,annemi pazartesi brunchı için takvime ekle,,,,
8118,onthou my dat ek 'n vergadering het drieuur môre middag,,,,
16348,geef antwoord op de email van jan vandaag om te zeggen dat ik laat zal zijn,,,,
9805,putarkan lagu michael jackson dari audiobook,,,,
16450,qual è il numero di telefono del mio amico giovanni,,,,
13654,wat is die hoogste berg in die wêreld,,,,
9792,spiele die memorial lieder weiter,,,,
12295,quanto ci mette il treno per arrivare agli uffizi,,,,
6270,bana bildiğim bir konu hakkında kolay sorular sor ve yanıldığımda bana söyle,,,,
813,i play ang lady gaga simula sa poker face,,,,
8151,tenho algum lembrete para o próximo domingo,,,,
14978,dollar kurs för filippinska pesos,,,,
14554,mostra-me o preço da ação desta empresa,,,,
5515,save this song,,,,
8118,rappelle moi que j'ai une réunion à quinze heures demain,,,,
6231,o que podes fazer,,,,
9048,cancel medical engagements this weekend,,,,
16634,controleer om te kijken of mijn moeder enige emails heeft gestuurd,,,,
7696,radera det schemalagda mötet den fjärde oktober tolv noll noll,,,,
16990,tengo algún correo electrónico de emily fernández,,,,
15426,está toda a gente na minha lista do facebook a ver o jogo,,,,
4076,skakel die ligte af in my slaapkamer,,,,
7338,combien de choses ai- je prévu ce soir,,,,
4276,please turn off the lamp,,,,
12021,tolong beritahu saya toko serba ada terdekat dari rumah saya,,,,
5504,habe ich meinen hausalarm angemacht,,,,
16415,cerca nelle email nuovi messaggi da,,,,
10334,speel poker met mij,,,,
5694,faz café,,,,
11885,dove posso andare a cena a napoli stasera,,,,
5694,zet koffie,,,,
7338,berapa banyak yang telah saya rencanakan malam ini,,,,
14554,daftar harga saham untuk perusahaan ini,,,,
8519,herinner my op hierdie tyd,,,,
17155,beantwoord pieter se e-pos,,,,
10747,ta bort den där enheten från min lista,,,,
9261,saya ingin mendengar radio,,,,
16115,alle e-posse ontvang tussen tien n. m. tot nege v. m. moet beantwoord word,,,,
8864,what time is the function of the play joy in broadway theater today,,,,
15434,ek wil n klagte tweet na game,,,,
9574,spela mix megapol,,,,
5120,controlla se c'è qualche sveglia per dopo le cinque,,,,
13034,what is twenty percent of one hundred and fifty,,,,
11885,onde é que eu deveria ir jantar em albufeira hoje à noite,,,,
10747,apaga esse item da minha lista,,,,
16824,apa aku dapat email dari sarah,,,,
16348,tumugon sa email ni juan ngayon sabihing ako ay mahuhuli,,,,
16824,recebi um email da sara,,,,
13949,en popüler amerikalı aktris kimdir,,,,
6270,magtanong sa akin ng mga madaling tanong tungkol sa isang paksang alam ko at sabihin sa akin kapag ako ay mali,,,,
16824,fick jag ett mejl från sara,,,,
4717,pon alarma mañana a las ocho de la mañana,,,,
13397,hoeveel basisse het nick swisher gedurende sy loopbaan gesteel,,,,
16736,vorrei inviare una risposta,,,,
12021,por favor dime la tienda de conveniencia más cercana a mi casa,,,,
13180,förklara fotosyntes,,,,
356,vad är mitt nästa alarm,,,,
16115,alla mejl mottagna mellan tio på kvällen till nio på morgonen ska svaras på,,,,
4949,spara denna låten i mina favoriter,,,,
3977,almeer me om acht uur in de ochtend,,,,
9574,dil yaresi 'ni çal,,,,
4184,ano ang kasalukuyang oras sa manila,,,,
12739,berikan saya arah bar terdekat,,,,
16415,email search new messages from,,,,
3977,alarme às oito da manhã,,,,
8223,aggiungi mia mamma al calendario per il brunch del lunedì,,,,
13809,zeki müren kaç yaşında,,,,
16796,qual o endereço da maria dias está nos meus contactos,,,,
12739,puis-je obtenir les directions vers le bar le plus proche,,,,
16994,e-posta chris'ten iş hakkında mı,,,,
7696,elimina l' incontro programmato per il quattro ottobre a mezzogiorno,,,,
3844,ordinami una pizza,,,,
16736,jag skulle vilja skicka ett svar,,,,
14271,vad är en trollkarl för något,,,,
5353,que hora es en dubai,,,,
4717,define um alarme para as oito da manhã de amanhã,,,,
14271,büyücünün ne olduğunu tanımla,,,,
16736,gostaria de enviar uma resposta,,,,
16450,quel est le numéro de téléphone de mon ami joe,,,,
12295,berapa lama perjalanan kereta dari sini ke museum nasional indonesia,,,,
9574,speel radio jakaranda,,,,
5694,kahve yap,,,,
8151,ai-je du reste dimanche prochain,,,,
16994,apa email dari chris ngomongin kerjaan,,,,
9261,ich möchte radio hören,,,,
16736,me gustaría enviar una respuesta,,,,
4158,hey siri ouviste algumas anedotas engraçadas recentemente,,,,
9574,pon anda ya de los cuarenta principales,,,,
8151,habe ich nächsten sonntag eine erinnerung,,,,
2823,quel jour tombe pâques cette année,,,,
356,apa alarm saya berikutnya,,,,
9643,toca rádio com música rock,,,,
14099,qu'est-ce qui cause si j'avais de la malbouffe et des alcools,,,,
8297,cuándo es el próximo partido del barcelona,,,,
16796,vad är emma larssons adress det är i mina kontakter,,,,
15830,ipadala iyon,,,,
5897,yirmi beş mayısa kadar kaç gün var,,,,
8519,remind me at this time,,,,
16370,hat maria bereits auf meine email geantwortet,,,,
12697,qual è il prossimo treno che arriva a firenze rifredi da firenze santa maria novella,,,,
9792,ipagpatuloy ang awitin sa o. p. m.,,,,
17067,répond au mail que j'ai reçu de peter,,,,
15522,tawagan ang selpon ng mamimili sa pamamagitan ng email,,,,
5694,hacer cafe,,,,
16115,tout les mails reçu entre dix heures du soir et neuf heures du matin auront la réponse suivante,,,,
9574,põe a dar a mixórdia de temáticas,,,,
6919,magtakda ng abiso para sa ika-lima ng marso na mayroon akong tipanan sa doktor ng alas-dyes n. u.,,,,
10382,gusto mo bang maglaro ng monopoly kasama ako,,,,
11885,waar kan ik het beste uit eten gaan in amsterdam vanavond,,,,
6700,a animar me,,,,
3977,beni saat sekizde uyar,,,,
14234,rate between these currencies,,,,
3844,pesankan pizza untuk saya,,,,
3977,alarma para mi a las ocho de la mañana,,,,
6231,cosa puoi fare,,,,
14099,se mangiassi cibo spazzatura e bevessi alcol cosa succederebbe,,,,
16824,het ek 'n epos van sarah gekry,,,,
16990,apakah saya mendapatkan email dari jane doe,,,,
12074,daftar pameran setempat yang sedang berlangsung,,,,
16737,enige pos gemerk as belangrik,,,,
4252,bugün bir şemsiye taşımalı mıyım,,,,
6919,stel een melding in voor vijf maart dat ik een doktersafspraak heb om tien uur 's ochtends,,,,
9048,annuler les engagements médicaux ce week-end,,,,
3877,presa intelligente accesa,,,,
6700,cheering me up,,,,
13504,cual es el peso de un elefante,,,,
17067,svara mejlet jag fått från peter,,,,
13949,welche schauspielerin ist am beliebtesten,,,,
4884,vad händer i japan,,,,
1358,oostenwind muziek nummer,,,,
13509,ist es besser zu investieren oder zu sparen,,,,
8118,ipaalala sa akin na may pagpupulong ako ng alas tres n. h. bukas,,,,
4276,sit asseblief die lamp af,,,,
4184,wat is de huidige tijd in new york,,,,
10747,tanggalin ang bagay na iyan sa aking listahan,,,,
3877,wemo uttag på,,,,
13809,wie alt ist herbert grönemeyer,,,,
6126,devo mettere il cappotto,,,,
5120,kyk of daar enige alarm is na vyfuur die oggend,,,,
9337,play sirius on satellite radio,,,,
11854,quels événements se passent aujourd'hui à montpellier,,,,
15830,enviar isso,,,,
5065,jongste nuus van bloemfontein,,,,
16370,marie m'a-t-elle déjà répondu par e-mail,,,,
14099,wat veroorzaakt het als ik junkfood en alcohol neem,,,,
4420,hanapin nang ilang mga rock,,,,
1358,ihanda ang kailangan kong track ng musika,,,,
14099,o que acontecia se eu tivessecomido junk food e bebido alcool,,,,
16415,cari dari surel pesan baru,,,,
8297,wann ist das nächste boston red sox spiel,,,,
13654,dünyanın en yüksek dağı hangisidir,,,,
5504,het ek my huis alarm gestel,,,,
6700,hibur aku,,,,
12021,mangyaring sabihin sa akin ang pinakamalapit na tindahan sa aking bahay,,,,
5905,toca canções instrumentais suaves,,,,
7696,hapus pertemuan yang dijadwalkan tanggal empat oktober jam dua belas siang,,,,
16450,wat is my vriend joe se foonnommer,,,,
12734,s'il vous plaît donnez-moi des indications pour un parc proche de chez moi,,,,
7338,bu gece kaç şey planladım,,,,
9048,borra los compromisos médicos de este fin de semana,,,,
12739,en yakın bara yol tarifi alabilir miyim,,,,
356,was ist mein nächster wecker,,,,
9337,i-play ang sirius sa satellite radio,,,,
6919,ställ in en notifikation den femte mars att jag har läkartid klockan tio på morgonen,,,,
8297,wanneer is de volgende voetbalwedstrijd,,,,
10382,möchtest du monopoly mit mir spielen,,,,
5694,buat kopi,,,,
8151,het ek enige herinnering volgende sondag,,,,
6326,ho bisogno di concentrarmi olly non riuscivo a fare nulla,,,,
6700,mij opvrolijken,,,,
15522,appeler le téléphone du client par e-mail,,,,
10382,est-ce que tu veux jouer au monopoly avec moi,,,,
3844,beställ en pizza åt mig,,,,
5120,prüfe ob es irgendeinen wecker nach fünf uhr gibt,,,,
17067,peter'dan gelen e-postayı yanıtla,,,,
17155,rispondi all' email di antonio,,,,
10334,segera mainkan game poker dengan saya,,,,
5694,gör kaffe,,,,
4949,stoor die lied in my gunstelinge,,,,
11015,setz den gegenstand auf die liste,,,,
10334,joue poker avec moi,,,,
8864,hoe laat is de function of the play joy in broadway theater vandaag,,,,
7835,por favor adiciona um evento à minha agenda,,,,
9643,rock müzik olan bir radyo çal,,,,
7696,kanselleer die geskeduleerde vergadering van die vierde oktober om twaalf n. m.,,,,
4076,desligar as luzes do meu quarto,,,,
9261,ik wil luisteren naar de radio,,,,
8223,tambahkan ibu saya ke kalender untuk sarapan siang hari senin,,,,
14271,tukuyin kung ano ang isang salamangkero,,,,
12021,lütfen bana evime en yakın olan mahalle bakkalını söyle,,,,
4949,enregistrer cette chanson dans mes favoris,,,,
16370,ha respondido maría a mi correo electrónico,,,,
16415,email araması yeni mesajlar,,,,
4276,lütfen lambayı kapat,,,,
5897,how many days is it until may twenty fifth,,,,
4151,wat is die dag vandag,,,,
10747,hapus item itu dari daftar saya,,,,
11015,zet een item op de lijst,,,,
13949,qual é a atriz americana mais popular,,,,
4184,quelle heure est-il à paris actuellement,,,,
4717,zet een alarm voor acht uur in de ochtend morgen,,,,
1358,sit reg need me musiek snit,,,,
13034,berapakah dua puluh persen dari seratus lima puluh,,,,
10733,remove chores from my to do list,,,,
8151,apakah ada hal yang tersisa di hari minggu minggu depan,,,,
16736,ek wil 'n antwoord stuur,,,,
5065,últimas notícias de lisboa,,,,
13509,es mejor invertir o ahorrar,,,,
9643,speel radio met rock muziek,,,,
9574,play radio program name,,,,
16370,har maria svarat på mejlet än,,,,
12739,dammi le indicazioni per il bar più vicino,,,,
356,wat is my volgende wekker,,,,
813,speel lady gaga begin met poker face,,,,
10382,vill du spela monopol med mig,,,,
15308,ho sentito che mario si è appena sposato puoi per favore mostrarmi le foto del matrimonio sul suo instagram,,,,
9048,cancella gli impegni medici questo fine settimana,,,,
8223,adicionar brunch com a minha mãe na segunda-feira ao calendário,,,,
5353,hur mycket är klockan i jyväskylä,,,,
4420,kry bietjie rock,,,,
9261,quiero escuchar la radio,,,,
5905,spiele sanfte instrumentallieder,,,,
7835,pakiusap idagdag ang kaganapan sa aking iskedyul,,,,
13504,quanto pesa un elefante,,,,
8297,kapan pertandingan persijam berikutnya,,,,
13180,erkläre photosynthese,,,,
8519,paalalahanan ako sa mga oras na ito,,,,
4184,qual a hora atual em nova iorque,,,,
14271,deinieeer wat 'n towenaar is,,,,
12021,bitte sag mir den drogeriemarkt der meinem haus am nächsten ist,,,,
3688,pon lo más alto,,,,
11885,where should i go for dinner in san francisco tonight,,,,
6270,faz-me perguntas fáceis sobre um tema que eu saiba e diz me quando estiver errado,,,,
8223,añade mi madre al calendario para el almuerzo del lunes,,,,
12295,cuánto le cuesta al tren llevarme desde aquí al prado,,,,
15522,hubungi selular pelanggan melalui email,,,,
16737,apakah ada email yang ditandai penting,,,,
13654,wat is de hoogste berg ter wereld,,,,
12697,kapan kereta yang selanjutnya sampai stasiun gondangdia dari stasiun gambir,,,,
13504,combien pèse un éléphant,,,,
15434,saya ingin menulis twit keluhan ke target,,,,
8519,recuérdame a esta hora,,,,
16370,heeft marie al antwoord gegeven op mijn email,,,,
2823,tanggal berapa paskah tahun ini,,,,
15434,ik wil een klacht tweet sturen naar sligro,,,,
8864,anong oras ang musika at kultura sa tanghalang balagtas ngayon,,,,
12295,hoe lank neem dit die trein om van hier af te kom en die spar,,,,
15579,merhaba pintereste ne tür resimler yükledin,,,,
13504,wat is die gewig van 'n olifant,,,,
15830,stuur dit,,,,
8179,could you delete all my appointments on calendar,,,,
13397,hur många baser har nick swisher stulit i sin karriär,,,,
16990,mayroon ba akong anumang mga email mula kay juana batumbakal,,,,
15522,llamar al telefono del cliente a través del correo electrónico,,,,
3844,commande une pizza pour moi,,,,
16796,quelle est l'adresse de marie est dans mes contacts,,,,
12697,bir sonraki tren saat kaçta kadıköy marmaray istasyonuna varıyor,,,,
16736,i'd like to send a reply,,,,
813,joue lorie pester dans mes rêves,,,,
13180,explicar la fotosíntesis,,,,
16994,handelt die email von chris von der arbeit,,,,
4158,hey siri apakah kamu sudah mendengar lelucon lucu belakangan ini,,,,
9574,i-play ang simulan ang pangalan ng programa sa radyo,,,,
13034,yüz ellinin yüzde yirmisi kaçtır,,,,
13809,quel âge a serge gainsbourg,,,,
9792,retomar canções fúnebres,,,,
6270,frag mich leichte frage über ein thema das ich gut kenne und sag mir wann ich falsch liege,,,,
868,éteinds la prise de courant wemo,,,,
13180,explica a fotossíntese,,,,
1358,spiele ich brauch dich musik track,,,,
3844,pide una pizza para mi,,,,
7338,quante cose ho programmato per stasera,,,,
13180,fotosynthese samenvatting,,,,
12739,puedo obtener las instrucciones para llegar al bar más cercano,,,,
16115,alles emails zwischen zehn p. m. und neun uhr beantworten,,,,
1574,aktiveer die stofsuier,,,,
6231,what can you do,,,,
8118,remind me that i have a meeting at three p. m. tomorrow,,,,
6326,kailangan kong magkaroon ng mas mahusay na pokus olly hindi ako makatutok sa isang gawain,,,,
10382,apakah kamu ingin bermain monopoli dengan saya,,,,
16450,arkadaşım canın telefon numarası nedir,,,,
4949,save this song in my favorites,,,,
13180,explain photosynthesis,,,,
15522,ring kundtjänst via email,,,,
9337,jouer sirius sur la radio satellite,,,,
16824,est-ce que j' ai reçu un e-mail de sarah,,,,
14099,abur cubur ve alkol alırsam ne olur,,,,
12697,wanneer komt de volgende trein aan in muiderpoort station van centraal station,,,,
6231,was kannst du tun,,,,
5065,le ultime notizie dall hinterland milanese,,,,
15522,bel die kliënt sel per e-pos,,,,
9805,spiel das michael jackson lied vom hörbuch,,,,
15830,invialo,,,,
12734,geef me een routebeschrijving naar een park bij mij in de buurt,,,,
15579,ciao che tipo di immagini si possono caricare su pinterest,,,,
16634,controlla se mia madre mi ha inviato qualche email,,,,
1358,prepárate necesito mi pista de música,,,,
12295,combien de temps faut-il au train pour arriver d'ici et le rencontrer,,,,
17155,antworte auf antons email,,,,
13949,quién es la actriz estadounidense más popular,,,,
8901,ställ in event på måndag tack,,,,
2823,che giorno cade pasqua quest'anno,,,,
9792,reanudar las canciones conmemorativas,,,,
17067,contestar al correo recibido de alberto,,,,
16415,e-mail zoek nieuwe berichten van,,,,
17067,antwoord op die e-pos ontvang van peter,,,,
4158,hey siri as-tu entendu des blagues drôles ces derniers temps,,,,
16736,yanıt göndermek isterim,,,,
3688,maak dit een beetje luider,,,,
5065,latest news from jersey,,,,
11854,anong mga kaganapan ang nagaganap ngayong araw sa baguio,,,,
3877,nyalakan stopkontak steker wemo,,,,
8519,påminn mig vid den här tiden,,,,
14978,dollar koers tegen de filipijnse peso,,,,
13949,wie is die mees gewilde amerikaanse aktrise,,,,
8864,wann spielt der könig der löwen im hamburger theater heute,,,,
4717,régler l'alarme pour huit heures du matin demain,,,,
6919,definir uma notificação para cinco de março que eu tenho uma consulta médica às dez da manhã,,,,
17067,balas email yang diterima dari adi,,,,
4420,cerca un po' di rock,,,,
16634,kyk om te sien of my ma vir my enige nuwe e-posse gestuur het,,,,
3977,mettimi una sveglia alle otto di mattina,,,,
9337,putar radio satelit prambors,,,,
8901,stel asseblief gebeurtenis vir maandag,,,,
15830,skicka det,,,,
5065,berita terbaru dari semarang,,,,
5905,mets les chansons instrumentales douces,,,,
4276,pakiusap patayin ang lampara,,,,
3977,réveille-moi à huit heures du matin,,,,
9643,play radio with rock music,,,,
5504,he puesto mi alarma de casa,,,,
11268,trouver un débat sur les écoles au royaume-unis,,,,
16736,ik wil een antwoord sturen,,,,
10334,maglaro ng poker kasama ko,,,,
13949,who is the most popular american actress,,,,
13809,how old is david bowie,,,,
16990,habe ich irgendwelche neue emails von jana schulz,,,,
8297,bir sonraki fener maçı ne zaman,,,,
9048,ta bort medicinska besök denna helgen,,,,
16994,is die boodskap vanaf chris oor werk,,,,
17155,beantwoord anthony's email,,,,
4252,moet ik vandaag een paraplu bij me hebben,,,,
9805,ponme la canción de mchael jackson del audiolibro,,,,
8519,lembrar-me nesta hora,,,,
9792,lanjutkan lagu memorial,,,,
4076,spegni le luci nella mia camera da letto,,,,
15426,apakah semua orang di daftar facebook menonton pertandingan,,,,
12739,kann ich die wegbeschreibung zur nächsten bar bekommen,,,,
12734,snälla ge mig vägbeskrivning till en park nära mig,,,,
4158,huy siri may narinig ka bang nakakatawang biro kani kanina lang,,,,
4158,ehi siri hai sentito barzellette divertenti ultimamente,,,,
16415,email sök efter nya meddelanden från sarah,,,,
13654,quelle est la plus haute montagne du monde,,,,
16634,vérifie si ma maman m'a envoyé des e-mails,,,,
13509,vaut-il mieux investir ou épargner,,,,
13504,wat is het gewicht van een olifant,,,,
16736,nais kong magpadala ng tugon,,,,
3688,make this a bit louder,,,,
9805,speel voor mij een michael jackson liedje af van zijn audioboek,,,,
14271,define what a wizard is,,,,
5065,laatste nieuws uit nijmegen,,,,
14234,halaga sa pagitan ng mga pera na ito,,,,
13180,spiega la fotosintesi,,,,
3688,fais- le un peu plus fort,,,,
6270,preguntame preguntas faciles sobre algo que sepa y dime cuando me equivoque,,,,
4884,o que se está a passar no japão,,,,
14271,dammi la definizione di mago,,,,
868,matikan stopkontak colokan xiaomi,,,,
4420,vind wat rock,,,,
16990,do i have any emails from jane doe,,,,
13949,wie is de populairste amerikaanse actrice,,,,
2823,what day does easter fall on this year,,,,
3877,enchufe wemo encendido,,,,
10733,yapılacaklar listemden ev işlerini kaldır,,,,
16370,has mary responded to me email yet,,,,
8864,quelle heure est la fonction de la joie de jouer dans le théâtre de broadway aujourd'hui,,,,
4884,apa yang terjadi di indonesia,,,,
12074,lista pågående lokala utställningar,,,,
16737,tout courrier marqué comme important,,,,
13504,bir filin ağırlığı nedir,,,,
4252,borde jag ta med paraply med mig idag,,,,
15579,olá que tipo de imagens carregaste no pinterest,,,,
15434,je veux tweeter une plainte à target,,,,
17155,balas email anthony,,,,
813,play lady gaga starting with poker face,,,,
4184,wat is die huidige tyd in johannesburg,,,,
4158,hej siri har du hört några roliga skämt på sistone,,,,
4252,haruskah saya membawa payung hari ini,,,,
12074,liste les expositions locales en cours,,,,
7696,löschen sie die geplante treffen auf vierter oktober zwölf p. m.,,,,
6126,ai je besoin de porter un manteau,,,,
1358,get set need me music track,,,,
6270,fammi domande facili su un argomento che conosco e dimmi quando sbaglio,,,,
6231,wat kan jy doen,,,,
16634,cek untuk melihat apakah ibu saya mengirimkan saya email,,,,
813,pon rosalía y empieza con con altura,,,,
15434,quero tuitar uma reclamação para jumbo,,,,
13034,ano ang dalawampung porsyento ng isang daan at limampu,,,,
10747,verwijder dat ding van mijn lijst,,,,
8179,maaari mo bang tanggalin ang lahat ng mga pagtitipan ko sa kalendaryo,,,,
16736,saya mau mengirim balasan,,,,
6919,erinnerung für arzttermin am fünften märz um zehn uhr,,,,
4884,was passiert in japan,,,,
13509,lebih baik investasi atau menabung,,,,
5120,suriin kung mayroong anumang hudyat pagkatapos ng alas singko ng umaga,,,,
3844,encomenda uma pizza para mim,,,,
16994,är det här mejlet från kristian om jobb,,,,
5504,ev alarmımı kurdum mu,,,,
10733,rimuovi faccende dalla mia lista delle cose da fare,,,,
5694,maak koffie,,,,
5504,did i set my house alarm,,,,
15579,hi watter soort fotos het jy in pinterest opgelaai,,,,
7338,cuantas cosas tengo planeadas esta noche,,,,
17155,reply to anthony's email,,,,
2823,vilken dag infaller påsken i år,,,,
9261,quero ouvir a rádio,,,,
5515,bu şarkıyı kaydet,,,,
5905,riproduci musica strumentale tranquilla,,,,
13397,quantas bases o nick swisher roubou na sua carreira,,,,
5905,spela softa instrumentella låtar,,,,
15308,jag hörde att anton nyss gifte sig kan du visa bröllopsbilder på instagram,,,,
2823,que día cae pascua este año,,,,
8179,potresti cancellare tutti gli appuntamenti in calendario,,,,
16990,ayşe öztürk'ten hiç e-posta var mı,,,,
10733,entferne hausarbeiten von meiner aufgaben liste,,,,
6919,atur notifikasi tanggal lima maret kalau saya mempunyai janji temu dokter pukul sepuluh pagi,,,,
11015,put the item on the list,,,,
15830,send that,,,,
4717,yarın sabah sekize alarm kur,,,,
7696,supprimer la réunion prévue le quatre octobre à midi,,,,
4158,hey siri heb je de laatste tijd grappige moppen gehoord,,,,
15434,nais kong mag tweet ng reklamo sa zalora,,,,
15579,hi gambar seperti apa yang kamu unggah di pinterest,,,,
13509,mas maganda bang mamuhunan o mag ipon,,,,
11268,türkiye 'de okullarda tartışma,,,,
16370,apa dinda udah balas email aku,,,,
9048,bu hafta sonu tıbbi randevuları iptal et,,,,
7696,apagar a reunião agendada para quatro de outubro ao meio dia,,,,
10747,erase that item from my list,,,,
8118,ingatkan saya kalau saya ada rapat besok pukul tiga sore,,,,
11015,öğeyi listeye koy,,,,
8901,pakiusap magset ng kaganapan sa lunes,,,,
13504,qual o peso de um elefante,,,,
8864,vilken tid är föreställningen pernilla wahlgren har hybris på göta lejon idag,,,,
4252,debería llevarme un paraguas hoy,,,,
16824,nakatanggap ba ako ng email kay sarah,,,,
16737,cualquier correo marcado como importante,,,,
1358,música eu tenho dois amores,,,,
12697,quand est le prochain train qui arrive à la gare union depuis la gare centrale,,,,
6231,vad kan du göra,,,,
16796,cuál es la dirección de maría rodríguez está en mis contactos,,,,
12021,dimmi qual è il minimarket più vicino a casa mia per favore,,,,
5120,mirar si tengo alguna alarma después de las cinco de la mañana,,,,
16370,ipek hala epostama yanıt vermedi mi,,,,
12734,lütfen bana yakın park için yol tarifleri ver,,,,
14234,koers tussen hierdie geldeenhede,,,,
8118,erinnern mich daran dass ich eine habe treffen um drei s. m. morgen,,,,
356,qual é o meu próximo alarme,,,,
5353,what's the time in dubai,,,,
9337,pon sirius en la radio satelital,,,,
11854,welke evenementen zijn er vandaag bezig in lutjebroek,,,,
16990,heb ik enige e-mails van jane doe,,,,
7338,gaano kadami ang mga plano ko ngayong gabi,,,,
12074,list local ongoing exhibitions,,,,
7835,bitte füge eine veranstaltung zu meinem zeitplan hinzu,,,,
16348,kerimin bugünki mailine cevap ver geç kalacağımı söyle,,,,
16634,verificar se a minha mãe me enviou alguns emails,,,,
8864,a que horas é a gaiola das loucas no teatro politeama hoje,,,,
8118,påminn mig att jag har ett möte vid klockan tre på eftermiddagen imorgon,,,,
5353,wat's die tyd in pretoria,,,,
1574,ativar o aspirador,,,,
13809,hoe oud is david bowie,,,,
5694,do coffee,,,,
13509,är det bäst att investera eller spara,,,,
4949,guarda esta canción en mis favoritos,,,,
16450,qual é o número de telefone do meu amigo joão,,,,
14978,tl nin dolar değeri,,,,
13949,vem är den mest populära amerikanska skådespelerskan,,,,
6231,ne yapabilirsin,,,,
6919,imposta una notifica il cinque marzo per l' appuntamento dal dottore alle dieci di mattina,,,,
16348,responder ao email do joão dizendo que chegarei atrasado hoje,,,,
3877,allume la prise de courant wemo,,,,
16348,répondre à e mail de john aujourd'hui en dire que je serai en retard,,,,
6231,apa yang bisa kamu lakukan,,,,
8901,tolong atur acara pada hari senin nanti,,,,
13180,ipaliwanag ang potosintesis,,,,
5905,tumugtog ng malambot na instrumental na mga kanta,,,,
9048,kanselahin ang mga pakikipag-ugnayang medikal ngayong katapusan ng linggo,,,,
12734,per favore trovami le indicazioni per il parcheggio vicino a me,,,,
13509,é melhor investir ou poupar,,,,
5515,bewaar dit liedje,,,,
13949,sino ang pinakasikat na artistang amerikano,,,,
16737,qualche email evidenziata come importante,,,,
14978,taux du dollar de philippiness peso,,,,
4276,släck lampan tack,,,,
11268,vind een debat over scholen in engeland,,,,
868,wemo plug socket off,,,,
14554,listar el precio de las acciones para las acciones de esta empresa,,,,
7338,quantas coisas tenho planeadas para esta noite,,,,
8864,a que hora es hoy la función de la obra carmen en el teatro astoria,,,,
8118,recuerda me que yo tengo una reunión a las tres de la tarde de mañana,,,,
15426,is everyone on my facebook list watching the game,,,,
16634,suriin upang makita kung ang aking nanay ay nagpadala sa akin ng anumang mga email,,,,
10733,remover tarefas da minha lista de afazeres,,,,
16737,any mail marked as important,,,,
13397,hoeveel honken heeft nick swisher gestolen in zijn carrière,,,,
16256,lee el número de contacto de alex de mi agenda telefónica,,,,
17155,responder ao email do antónio,,,,
16994,le courrier de chris concerne-t-il le travail,,,,
14234,tasso tra queste valute,,,,
9574,putar nama program radio,,,,
13509,yatırım yapmak mı yoksa tasarrufta bulunmak mi daha iyi,,,,
868,wemo stromstecker aus,,,,
15308,narinig ko na kakasal lang ni lea pwede bang ipakita mo sa akin ang wedding pictures sa instagram nila,,,,
14554,beurskoers voor dit bedrijfsaandeel,,,,
5120,verificar se existe algum alarme depois das cinco da manhã,,,,
12739,dá-me direções para o bar mais próximo,,,,
12295,buradan met 'e trenle ne kadar sürer,,,,
9261,gusto kong marinig ang radyo,,,,
14554,lys aandeel prys vir hierdie maatskappy aandele,,,,
13504,berapa tinggi gajah,,,,
5353,che ore sono a dubai,,,,
8901,imposta evento lunedì,,,,
1574,activa la aspiradora,,,,
11015,taruh item ke dalam daftar,,,,
9643,pon música rock en la radio,,,,
12074,ilista ang mga lokal na nagpapatuloy ng eksibisyon,,,,
6126,preciso de usar casaco,,,,
5905,poner canciones instrumentales suaves,,,,
3877,ligar dispositivo shelly,,,,
4276,doe alsjeblieft de lamp uit,,,,
16737,irgendeine email als wichtig markiert,,,,
4276,spegni la lampada per favore,,,,
4151,what is the day today,,,,
9337,spela q. radio på högtalarna,,,,
13034,wat is twintig procent van honderdvijftig,,,,
6326,i need to have better focus olly i couldn't concentrate on a single task,,,,
14099,wat veroorsaak as ek gemorskos en alkahol gehad het,,,,
3844,bestelle eine pizza für mich,,,,
11015,sätt produkten på listan,,,,
8223,idagdag ang aking ina sa kalendaryo para sa lunes ng brunch,,,,
13504,hur mycket väger en elefant,,,,
5120,controleer of er een alarm is na vijf uur in de ochtend,,,,
16824,ho qualche email da sara,,,,
4151,vilken dag är det idag,,,,
3844,bestel 'n pizza vir my,,,,
11885,var ska jag gå för att äta middag i borås ikväll,,,,
4151,quel jour sommes-nous aujourd'hui,,,,
17067,reply to the email received from peter,,,,
4276,tolong matikan lampu,,,,
10334,speel poker saam met my,,,,
3877,fiş soketi açık,,,,
6326,ik moet me beter focussen olly ik kan mij niet concentreren op een taak,,,,
5694,gawin ang kape,,,,
8151,mayroon ba akong anumang paalala sa susunod na linggo,,,,
13654,ano ang pinakamataas na bundok sa mundo,,,,
9805,suona per me la canzone di michael jackson dall audiolibro,,,,
10334,play poker with me,,,,
15426,est-ce que tout le monde sur ma liste facebook regarde le match,,,,
3688,gör det här lite högre,,,,
813,putar agnez mo dimulai dengan matahariku,,,,
8223,füge mutter zum montägigen brunch hinzu,,,,
15579,hi was hast du für bilder auf pinterest geladen,,,,
14099,que causaria si comiera comida basura y alcohol,,,,
3877,wemo plug socket ay buksan,,,,
9048,kanseleer mediese afsprake hierdie naweek,,,,
4884,wat gaan aan in suid afrika,,,,
9574,riproduci radio kiss,,,,
16796,what is amber stevens address it is in my contacts,,,,
6700,animame,,,,
9261,jag vill lyssna på radion,,,,
16737,några mejl makerade som viktiga,,,,
3688,metti un po' più forte,,,,
14978,halaga ng dolyar sa piso ng pilipinas,,,,
1574,aktiviere den staubsauger,,,,
16824,hazel'den e-posta aldım mı,,,,
10747,şu öğeyi listemden sil,,,,
14554,liste de prix de l'action pour les actions en bourse de cette de la société,,,,
6231,ano ang pwede mong gawin,,,,
8519,rappelle moi à ce moment,,,,
4949,i-save ang kantang ito sa aking mga paborito,,,,
8179,pouvez-vous supprimer tout mes rendez-vous de mon de mon calendrier,,,,
13397,quante basi ha conquistato nick swisher durante la carriera,,,,
4151,hari ini hari apa,,,,
9261,radyo dinlemek istiyorum,,,,
6270,ställ mig enkla frågor om ett ämne jag vet och säg till när jag har fel,,,,
13654,qual é a montanha mais alta no mundo,,,,
4076,zet de lampen uit in mijn slaapkamer,,,,
10382,queres jogar monopólio comigo,,,,
13654,cual es la montaña mas alta del mundo,,,,
6919,définir une notification pour le cinq mars indiquant que j'ai un rendez-vous chez le médecin à dix heures du matin,,,,
4184,izmir'de şu an saat kaç,,,,
7835,voeg een evenement toe aan mijn planning alsjeblieft,,,,
16115,lahat ng mga email na natanggap sa pagitan ng alas diyes n. h. hanggang alas nuwebe n. u. ang dapat sagutin,,,,
16990,tenho alguns emails da júlia pinheiro,,,,
15426,está todo el mundo de mi lista de facebook viendo el partido,,,,
868,wemo stopcontact uit,,,,
12697,quando chega o próximo comboio à estação do oriente vindo da estação de são bento,,,,
13180,expliquer la photosynthèse,,,,
10747,lösche diesen gegenstand von meiner liste,,,,
7835,tolong tambahkan acara ke jadwal saya,,,,
9805,speel vir my michael jackson lied van oudio boek,,,,
16796,ano ang address ni loisa andalio nasa mga kontak ko,,,,
6126,behöver jag använda en kappa,,,,
3977,waarsku my om agt v. m.,,,,
7835,por favor añade un evento a mi calendario,,,,
7835,s'il vous plaît ajouter un événement à mon emploi du temps,,,,
4276,por favor desligar o candeeiro,,,,
9048,lösche ärztliches engagement dieses wochenende,,,,
813,spiel lady gaga beginnend mit poker face,,,,
12739,kan ek aanwysings kry tot die naaste kroeg,,,,
14234,wechselkurs zwischen diesen währungne,,,,
5897,berapa hari lai sampai tanggal dua puluh lima mei,,,,
10733,alisin ang mga gawain sa aking listahan ng gagawin,,,,
3844,umorder ka ng pizza para sa akin,,,,
17067,rispondi alla email ricevuta da pietro,,,,
5515,itago itong kanta,,,,
13034,cuanto es el veinte por ciento de ciento cincuenta,,,,
13397,combien de bases nick swisher a-t-il volées dans sa carrière,,,,
12295,quanto tempo demora o comboio daqui até azambuja,,,,
6126,do i need to wear a coat,,,,
8179,podrías borrar todas mis citas en el calendario,,,,
6126,moet ek 'n jas dra,,,,
14271,definiere was ein zauberer ist,,,,
9337,speel sirius op satelliet radio,,,,
14099,ano ang mangyayari kapag kumain ako ng junk na pagkain at alak,,,,
11854,qué eventos están ocurriendo hoy dia en biloxi,,,,
9643,spiele radio rock musik,,,,
12074,elenca mostre locali in corso,,,,
15434,jag vill tvittra ett klagomål till rusta,,,,
14271,definisikan apa itu penyihir,,,,
15579,hi what kind of pictures you uploaded in pinterest,,,,
1574,activer l' aspirateur,,,,
15308,ich höre sandra hat geheiratet schaue auf instagram,,,,
13654,was ist der höchste berg der welt,,,,
15434,quiero poner un tweet de queja a target,,,,
16634,check um herausfinden ob meine mama irgendwelche emails geschickt hat,,,,
16115,todos los correos electrónicos recibidos entre las diez de la noche y las nueve de la mañana deben ser contestados,,,,
6126,kailangan ko bang gamitin ang kapa,,,,
16115,alle e-mails ontvangen tussen tien uur 's avonds tot negen uur 's ochtends moet worden beantwoord,,,,
14271,defina o que é um feiticeiro,,,,
5905,speel sagte instrumentale liedjies,,,,
11268,debate sa paaralan maynila,,,,
16796,wat is het adres van amber stevens het staat in mijn contacten,,,,
3844,bana pizza söyle,,,,
14978,dollar koers van filippynse peso,,,,
4884,what's going on in japan,,,,
16990,ai - je des e-mails de jane doe,,,,
12734,tolong kasih arahan ke taman di dekat aku,,,,
15522,ligar para o celular do cliente através do email,,,,
1358,müzik kısmının kurulmasına ihtiyacım var,,,,
13397,ilang base ang ninakaw ni dingdong dantes sa karera niya,,,,
16994,é o email do carlos sobre o trabalho,,,,
12697,kailan ang susunod na tren na darating sa istasyon ng union mula sa istasyon ng grand central,,,,
12021,please tell me the closest convenience store to my house,,,,
9805,spela michael jackson låt från ljudbok,,,,
11268,encontre um debate sobre escolas em portugal,,,,
14234,taxa entre estas divisas,,,,
4420,encuentra algo de rock,,,,
11854,what events are ongoing today in biloxi,,,,
3844,order a pizza for me,,,,
868,wemo prizini kapat,,,,
16634,comprobar si mi madre me ha enviado algún correo electrónico,,,,
16450,ano ang numero ng telepono ng aking kaibigan na si joe,,,,
13949,chi è l'attrice americana più famosa,,,,
5515,salva questa canzone,,,,
8901,por favor organize um evento na segunda-feira,,,,
6326,j'ai besoin d'avoir une meilleure concentration olly je ne pouvais pas me concentrer sur une seule tâche,,,,
13034,qu'est-ce que vingt pour cent de cent cinquante,,,,
15522,call the customer cell through email,,,,
5897,quanti giorni mancano fino al venticinque maggio,,,,
